order_id,drug_id,order_date,hospital,quantity,order_value
PO00001,D0029,2025-06-13,LifeCare,244,365361.98
PO00002,D0134,2025-10-01,LifeCare,446,16039.12
PO00003,D0214,2025-08-03,Medico,524,73715.78
PO00004,D0024,2026-01-27,AIIMS,157,475994.38
PO00005,D0113,2025-02-15,LifeCare,791,143703.08
PO00006,D0046,2025-08-30,City Hospital,92,165927.93
PO00007,D0109,2025-08-29,AIIMS,599,117246.34
PO00008,D0013,2026-03-23,City Hospital,198,219160.19
PO00009,D0109,2025-09-27,LifeCare,305,297853.29
PO00010,D0145,2026-01-20,Apollo,645,454252.93
PO00011,D0086,2025-01-18,LifeCare,848,342847.04
PO00012,D0051,2026-01-19,Medico,115,399107.36
PO00013,D0179,2025-04-30,AIIMS,264,388731.0
PO00014,D0130,2025-07-21,Medico,869,233306.96
PO00015,D0063,2025-01-08,AIIMS,901,344718.72
PO00016,D0172,2025-01-21,LifeCare,695,27308.7
PO00017,D0108,2026-02-11,AIIMS,965,424896.34
PO00018,D0025,2025-10-01,AIIMS,898,464673.13
PO00019,D0215,2026-07-27,Apollo,329,316453.16
PO00020,D0110,2026-01-07,AIIMS,171,73482.46
PO00021,D0160,2025-07-12,LifeCare,473,477329.99
PO00022,D0186,2025-11-16,AIIMS,249,419715.78
PO00023,D0202,2026-05-19,Apollo,145,400093.71
PO00024,D0204,2025-08-11,AIIMS,897,213822.83
PO00025,D0143,2025-07-03,LifeCare,849,75665.81
PO00026,D0059,2025-10-28,Apollo,445,453292.79
PO00027,D0138,2026-03-31,Apollo,925,455927.01
PO00028,D0036,2026-08-14,LifeCare,482,103739.55
PO00029,D0115,2026-09-05,Medico,113,123419.58
PO00030,D0057,2026-08-20,Apollo,622,482579.5
PO00031,D0065,2025-06-03,City Hospital,175,360277.11
PO00032,D0144,2025-08-20,City Hospital,248,473488.09
PO00033,D0160,2026-05-22,Medico,792,410914.87
PO00034,D0211,2025-05-13,City Hospital,852,42621.66
PO00035,D0032,2025-08-10,LifeCare,602,245521.06
PO00036,D0208,2025-01-27,LifeCare,997,186828.46
PO00037,D0190,2025-01-28,Medico,305,3165.6
PO00038,D0190,2026-08-15,AIIMS,929,99478.45
PO00039,D0010,2026-08-13,Apollo,196,419052.37
PO00040,D0056,2025-05-13,AIIMS,540,223136.91
PO00041,D0125,2025-01-07,Apollo,685,347905.9
PO00042,D0137,2025-09-03,City Hospital,93,58195.65
PO00043,D0180,2025-06-21,LifeCare,616,326887.22
PO00044,D0067,2025-01-10,City Hospital,633,316792.4
PO00045,D0033,2026-02-08,AIIMS,784,447254.69
PO00046,D0043,2026-09-22,AIIMS,848,72753.93
PO00047,D0210,2026-03-23,AIIMS,312,446734.72
PO00048,D0040,2025-07-22,LifeCare,121,131356.08
PO00049,D0209,2025-03-05,Medico,314,154579.08
PO00050,D0169,2026-02-25,AIIMS,534,68671.13
PO00051,D0034,2026-07-18,Medico,228,229958.84
PO00052,D0143,2025-10-30,AIIMS,111,456102.09
PO00053,D0142,2025-01-24,City Hospital,888,494623.52
PO00054,D0104,2026-07-14,AIIMS,230,421627.14
PO00055,D0159,2025-04-25,LifeCare,718,305039.32
PO00056,D0108,2026-03-12,LifeCare,86,135636.44
PO00057,D0165,2026-06-03,LifeCare,659,447303.29
PO00058,D0158,2026-02-20,City Hospital,963,50016.02
PO00059,D0172,2025-06-27,City Hospital,472,242696.87
PO00060,D0144,2026-01-30,Apollo,927,103289.67
PO00061,D0009,2026-09-19,LifeCare,942,426172.04
PO00062,D0061,2025-12-06,Apollo,218,107099.62
PO00063,D0118,2026-09-26,Medico,578,149135.96
PO00064,D0178,2025-01-03,City Hospital,813,362709.05
PO00065,D0183,2025-08-21,LifeCare,409,395591.15
PO00066,D0062,2026-05-18,Medico,497,174752.7
PO00067,D0178,2025-09-18,Apollo,132,130999.3
PO00068,D0001,2026-03-27,City Hospital,930,266136.99
PO00069,D0017,2025-01-23,City Hospital,422,259799.06
PO00070,D0099,2025-01-15,City Hospital,852,462106.09
PO00071,D0006,2025-08-04,Medico,948,219488.56
PO00072,D0042,2026-05-04,AIIMS,267,409811.12
PO00073,D0182,2025-10-13,City Hospital,813,469982.8
PO00074,D0189,2025-09-23,Medico,345,114329.59
PO00075,D0012,2025-05-03,City Hospital,919,69875.92
PO00076,D0010,2026-02-05,Medico,671,449774.01
PO00077,D0096,2025-09-22,Medico,41,28964.4
PO00078,D0125,2025-12-06,AIIMS,504,364383.43
PO00079,D0203,2025-05-29,Medico,709,263330.03
PO00080,D0149,2026-07-07,Medico,449,184340.01
PO00081,D0161,2026-05-05,City Hospital,494,105170.34
PO00082,D0173,2025-04-04,Medico,632,117713.67
PO00083,D0063,2025-10-29,AIIMS,412,438605.82
PO00084,D0071,2025-08-11,Medico,820,188785.48
PO00085,D0199,2025-10-12,AIIMS,82,207604.38
PO00086,D0175,2025-06-12,AIIMS,709,395854.64
PO00087,D0001,2025-05-01,LifeCare,577,242019.37
PO00088,D0068,2025-06-21,Apollo,812,407576.24
PO00089,D0192,2025-06-08,AIIMS,577,417639.65
PO00090,D0114,2026-01-15,City Hospital,274,123214.09
PO00091,D0018,2026-05-11,City Hospital,788,362305.1
PO00092,D0142,2026-06-02,Apollo,769,343538.16
PO00093,D0120,2026-07-30,Medico,123,246868.41
PO00094,D0195,2025-07-22,LifeCare,558,432269.17
PO00095,D0018,2025-04-01,AIIMS,891,373646.68
PO00096,D0149,2025-07-10,City Hospital,25,82391.17
PO00097,D0033,2025-06-02,LifeCare,863,90941.38
PO00098,D0104,2025-03-02,Apollo,791,269016.81
PO00099,D0168,2025-05-09,Medico,726,229764.82
PO00100,D0033,2026-01-25,AIIMS,445,408673.19
PO00101,D0182,2025-06-22,Medico,155,99639.94
PO00102,D0029,2025-09-25,AIIMS,495,295423.22
PO00103,D0015,2026-02-27,Apollo,161,497349.92
PO00104,D0180,2026-01-30,LifeCare,707,389848.08
PO00105,D0028,2025-06-19,Apollo,31,324913.12
PO00106,D0154,2025-03-24,Medico,708,98312.86
PO00107,D0009,2025-12-28,City Hospital,344,345324.82
PO00108,D0202,2025-07-08,AIIMS,662,468086.09
PO00109,D0017,2025-09-04,Medico,547,199684.62
PO00110,D0056,2025-11-11,City Hospital,81,280999.05
PO00111,D0085,2026-07-13,LifeCare,506,178548.65
PO00112,D0069,2025-09-05,City Hospital,834,179756.92
PO00113,D0130,2026-01-10,LifeCare,341,47138.22
PO00114,D0058,2026-06-03,LifeCare,910,107173.53
PO00115,D0162,2026-07-25,AIIMS,765,38678.85
PO00116,D0202,2026-04-01,Apollo,732,290911.25
PO00117,D0109,2025-03-09,AIIMS,326,491905.14
PO00118,D0052,2026-05-18,Apollo,360,28150.21
PO00119,D0022,2025-11-13,City Hospital,415,272240.74
PO00120,D0041,2026-05-27,AIIMS,712,494964.72
PO00121,D0057,2025-11-06,City Hospital,806,160638.48
PO00122,D0066,2025-09-30,City Hospital,632,481768.47
PO00123,D0096,2026-05-06,Medico,93,330938.18
PO00124,D0147,2025-07-23,City Hospital,672,198144.42
PO00125,D0010,2026-02-22,AIIMS,139,466423.17
PO00126,D0151,2026-09-07,LifeCare,220,255647.84
PO00127,D0152,2025-03-02,AIIMS,889,273803.21
PO00128,D0058,2026-08-24,AIIMS,17,395156.42
PO00129,D0096,2025-06-19,Apollo,464,181337.45
PO00130,D0140,2026-07-21,City Hospital,211,244188.21
PO00131,D0080,2026-06-01,Medico,708,228988.93
PO00132,D0169,2025-07-12,Medico,653,238644.08
PO00133,D0191,2026-06-21,Apollo,842,71209.04
PO00134,D0099,2025-10-06,AIIMS,43,412403.68
PO00135,D0086,2025-03-03,Medico,474,488408.65
PO00136,D0171,2026-01-15,AIIMS,702,424238.39
PO00137,D0059,2025-05-04,LifeCare,619,418069.06
PO00138,D0167,2025-02-16,AIIMS,308,42537.26
PO00139,D0076,2026-04-21,Apollo,371,447863.88
PO00140,D0012,2026-09-28,LifeCare,180,483645.48
PO00141,D0077,2025-09-02,City Hospital,945,466414.32
PO00142,D0078,2026-03-13,Apollo,281,275993.22
PO00143,D0066,2026-05-27,Apollo,478,298711.13
PO00144,D0027,2025-04-29,LifeCare,355,456948.87
PO00145,D0089,2025-02-14,City Hospital,932,69015.39
PO00146,D0140,2025-08-29,Medico,117,443463.29
PO00147,D0132,2025-08-03,LifeCare,187,476593.69
PO00148,D0105,2025-05-01,City Hospital,903,258283.84
PO00149,D0126,2026-02-08,LifeCare,286,59089.92
PO00150,D0160,2025-02-23,LifeCare,845,38526.25
PO00151,D0178,2026-04-19,AIIMS,808,196519.07
PO00152,D0043,2025-05-30,Apollo,540,427180.15
PO00153,D0087,2025-11-09,City Hospital,157,491584.31
PO00154,D0058,2026-02-12,AIIMS,532,189111.86
PO00155,D0076,2025-08-28,AIIMS,513,19237.09
PO00156,D0171,2025-04-28,AIIMS,518,251431.03
PO00157,D0021,2026-04-13,City Hospital,247,168630.87
PO00158,D0161,2025-06-20,City Hospital,512,480645.44
PO00159,D0085,2025-03-01,City Hospital,990,229484.84
PO00160,D0090,2025-05-23,AIIMS,930,12864.72
PO00161,D0042,2025-11-06,City Hospital,798,201662.32
PO00162,D0076,2026-01-19,LifeCare,622,282836.17
PO00163,D0009,2026-03-19,Medico,811,120822.01
PO00164,D0129,2026-07-23,Medico,51,336820.93
PO00165,D0071,2025-09-04,LifeCare,221,78191.88
PO00166,D0186,2026-08-09,LifeCare,20,173665.58
PO00167,D0191,2026-08-19,LifeCare,600,495807.69
PO00168,D0018,2025-07-30,LifeCare,325,267339.86
PO00169,D0059,2025-07-30,City Hospital,973,316429.79
PO00170,D0046,2026-08-05,Medico,327,67232.6
PO00171,D0163,2026-02-10,Medico,162,453298.06
PO00172,D0210,2026-01-05,AIIMS,60,46433.79
PO00173,D0035,2026-09-03,AIIMS,153,173984.8
PO00174,D0146,2026-04-17,LifeCare,209,344788.73
PO00175,D0032,2025-10-15,Apollo,763,463729.49
PO00176,D0092,2026-05-28,Apollo,231,368519.0
PO00177,D0136,2025-10-19,LifeCare,645,499755.66
PO00178,D0187,2026-05-31,Apollo,244,120743.72
PO00179,D0126,2026-08-21,AIIMS,423,448196.77
PO00180,D0218,2026-02-06,AIIMS,307,6358.12
PO00181,D0054,2025-03-19,Apollo,727,73262.6
PO00182,D0097,2026-09-16,AIIMS,354,416576.71
PO00183,D0064,2026-06-13,Apollo,713,424238.54
PO00184,D0096,2026-09-03,LifeCare,353,465926.57
PO00185,D0097,2025-10-18,Apollo,226,250181.9
PO00186,D0202,2025-05-26,Apollo,559,434175.39
PO00187,D0050,2025-05-15,AIIMS,570,432409.57
PO00188,D0022,2026-09-26,LifeCare,194,396742.48
PO00189,D0190,2025-02-02,Apollo,654,359908.9
PO00190,D0131,2026-02-02,LifeCare,972,113377.82
PO00191,D0134,2025-06-21,LifeCare,846,56066.05
PO00192,D0082,2026-01-05,Apollo,527,382206.19
PO00193,D0206,2025-03-15,Medico,663,9502.51
PO00194,D0201,2026-06-20,Medico,95,454420.52
PO00195,D0102,2026-05-25,City Hospital,895,425975.02
PO00196,D0182,2026-01-10,AIIMS,240,328205.05
PO00197,D0006,2026-01-29,Medico,876,1627.8
PO00198,D0046,2025-05-09,AIIMS,440,364500.82
PO00199,D0129,2025-06-18,Apollo,181,338492.6
PO00200,D0017,2026-08-06,Medico,190,190009.7
PO00201,D0189,2026-06-23,LifeCare,163,187239.14
PO00202,D0101,2025-06-22,LifeCare,567,314053.5
PO00203,D0063,2026-08-12,LifeCare,712,276556.19
PO00204,D0032,2025-11-27,City Hospital,492,62356.02
PO00205,D0036,2025-10-10,Medico,505,269024.84
PO00206,D0033,2026-09-28,AIIMS,318,139576.65
PO00207,D0047,2026-04-12,Medico,5,97936.61
PO00208,D0195,2025-05-09,Apollo,54,337196.37
PO00209,D0048,2026-03-23,City Hospital,559,199627.79
PO00210,D0122,2025-06-07,LifeCare,702,235109.53
PO00211,D0160,2026-01-21,LifeCare,852,98254.68
PO00212,D0004,2025-07-27,Apollo,9,493358.91
PO00213,D0123,2026-09-28,Apollo,72,165587.3
PO00214,D0216,2026-09-27,LifeCare,987,417777.07
PO00215,D0139,2025-12-31,LifeCare,495,477733.13
PO00216,D0008,2026-08-11,Apollo,228,74974.12
PO00217,D0108,2026-08-12,Medico,404,265255.76
PO00218,D0026,2025-10-07,Medico,844,340566.5
PO00219,D0128,2026-06-11,Medico,782,303564.11
PO00220,D0125,2026-01-08,Apollo,536,81571.39
PO00221,D0161,2025-08-20,City Hospital,898,453620.23
PO00222,D0065,2025-11-09,Medico,737,217014.76
PO00223,D0180,2025-09-12,Medico,447,350769.66
PO00224,D0033,2026-06-24,Apollo,681,134689.81
PO00225,D0005,2026-02-07,City Hospital,792,32602.32
PO00226,D0035,2026-08-26,Medico,931,400342.0
PO00227,D0119,2025-09-22,AIIMS,886,271729.21
PO00228,D0102,2025-02-27,City Hospital,800,250122.66
PO00229,D0036,2026-09-19,Apollo,955,173908.61
PO00230,D0132,2026-05-10,Medico,392,329610.26
PO00231,D0181,2026-03-28,AIIMS,710,202542.11
PO00232,D0187,2025-07-21,Apollo,539,48272.2
PO00233,D0036,2026-05-10,Medico,873,410838.54
PO00234,D0115,2025-01-23,Apollo,106,213145.62
PO00235,D0202,2025-02-27,AIIMS,315,72919.96
PO00236,D0167,2025-01-21,Apollo,701,378927.85
PO00237,D0077,2026-07-12,Apollo,641,223983.77
PO00238,D0011,2025-06-07,Apollo,609,393796.21
PO00239,D0211,2025-09-23,Apollo,157,71781.55
PO00240,D0021,2025-11-26,LifeCare,531,471369.61
PO00241,D0011,2025-07-07,Apollo,294,97801.45
PO00242,D0038,2025-01-04,Medico,558,127403.94
PO00243,D0107,2025-02-01,City Hospital,767,332391.84
PO00244,D0046,2025-09-06,Apollo,654,352268.5
PO00245,D0036,2025-01-20,AIIMS,901,495972.98
PO00246,D0018,2025-05-24,LifeCare,793,205868.48
PO00247,D0014,2025-04-02,City Hospital,810,367109.08
PO00248,D0118,2026-09-17,LifeCare,307,199861.14
PO00249,D0174,2025-07-31,Apollo,983,264563.55
PO00250,D0063,2025-10-27,AIIMS,269,119532.46
PO00251,D0008,2026-01-06,Apollo,20,362404.12
PO00252,D0172,2026-08-08,LifeCare,818,315984.18
PO00253,D0044,2026-04-20,LifeCare,623,306652.36
PO00254,D0148,2026-07-15,City Hospital,925,53996.12
PO00255,D0016,2025-01-27,Apollo,435,319073.72
PO00256,D0112,2026-03-03,AIIMS,687,27809.93
PO00257,D0118,2025-06-10,AIIMS,327,499726.29
PO00258,D0216,2026-05-16,City Hospital,173,480793.36
PO00259,D0139,2025-04-25,City Hospital,721,422834.32
PO00260,D0139,2026-02-25,Medico,881,470877.56
PO00261,D0033,2025-10-31,Medico,323,204005.24
PO00262,D0064,2025-12-07,City Hospital,819,362521.87
PO00263,D0173,2025-08-29,Apollo,390,488514.99
PO00264,D0017,2025-04-22,Medico,986,301106.53
PO00265,D0091,2025-12-11,Apollo,833,320433.04
PO00266,D0191,2026-03-21,Medico,840,462262.1
PO00267,D0127,2026-04-26,City Hospital,625,25031.02
PO00268,D0033,2025-04-02,Apollo,247,26149.32
PO00269,D0045,2025-02-03,City Hospital,68,44244.69
PO00270,D0075,2026-09-11,City Hospital,869,94433.6
PO00271,D0024,2026-05-22,LifeCare,148,58828.82
PO00272,D0011,2026-01-19,Apollo,598,218437.66
PO00273,D0040,2025-10-02,LifeCare,756,47708.73
PO00274,D0194,2026-05-08,City Hospital,337,254611.24
PO00275,D0192,2026-06-23,AIIMS,332,492756.63
PO00276,D0092,2026-04-10,AIIMS,140,374366.65
PO00277,D0138,2025-09-23,Apollo,886,451460.28
PO00278,D0200,2025-01-04,AIIMS,223,169845.51
PO00279,D0077,2025-05-06,LifeCare,794,170770.8
PO00280,D0030,2026-03-10,AIIMS,598,168357.88
PO00281,D0023,2025-06-27,AIIMS,749,6809.47
PO00282,D0090,2025-08-03,City Hospital,51,275138.36
PO00283,D0105,2026-05-11,AIIMS,865,203789.02
PO00284,D0144,2025-01-22,Medico,536,181688.7
PO00285,D0197,2025-06-01,AIIMS,193,157668.74
PO00286,D0001,2026-05-09,Medico,794,325914.52
PO00287,D0070,2026-03-12,City Hospital,293,223420.03
PO00288,D0214,2025-04-23,Apollo,527,149947.02
PO00289,D0095,2025-01-14,LifeCare,612,196151.32
PO00290,D0113,2026-02-20,AIIMS,717,229520.31
PO00291,D0007,2025-12-27,Apollo,288,80469.97
PO00292,D0039,2025-09-08,Medico,700,254022.63
PO00293,D0054,2025-04-28,LifeCare,491,411895.29
PO00294,D0105,2026-09-21,Apollo,666,45000.72
PO00295,D0083,2025-02-18,AIIMS,793,134428.23
PO00296,D0133,2026-04-17,City Hospital,971,39076.37
PO00297,D0091,2025-06-27,Apollo,952,247892.04
PO00298,D0118,2025-11-18,AIIMS,524,246668.12
PO00299,D0202,2025-07-04,City Hospital,988,258467.35
PO00300,D0093,2026-07-05,LifeCare,444,256782.12
PO00301,D0124,2025-08-12,Apollo,802,31620.65
PO00302,D0100,2025-01-02,Apollo,136,174649.44
PO00303,D0125,2025-06-11,Medico,924,281273.36
PO00304,D0032,2026-05-03,City Hospital,786,233604.56
PO00305,D0103,2025-01-31,LifeCare,965,150787.41
PO00306,D0107,2026-01-19,Apollo,630,491912.43
PO00307,D0217,2025-01-15,AIIMS,926,258241.64
PO00308,D0215,2026-06-29,Apollo,934,75162.49
PO00309,D0105,2026-05-27,Medico,121,338528.96
PO00310,D0171,2025-09-21,AIIMS,838,129357.19
PO00311,D0038,2026-03-24,AIIMS,566,36052.53
PO00312,D0043,2025-08-06,Medico,61,440073.59
PO00313,D0096,2025-03-02,AIIMS,629,223702.09
PO00314,D0017,2025-06-10,Medico,308,396867.6
PO00315,D0073,2026-01-18,Apollo,325,496362.23
PO00316,D0010,2026-08-22,Apollo,880,207106.42
PO00317,D0067,2026-06-09,City Hospital,417,11790.32
PO00318,D0063,2026-04-11,Apollo,583,329515.44
PO00319,D0086,2025-08-01,Apollo,856,375420.14
PO00320,D0144,2026-04-29,LifeCare,907,282815.56
PO00321,D0124,2025-08-13,City Hospital,404,412479.93
PO00322,D0062,2025-07-12,AIIMS,324,193967.23
PO00323,D0047,2025-03-27,City Hospital,62,121607.23
PO00324,D0219,2025-06-05,City Hospital,356,106675.71
PO00325,D0075,2025-02-20,Medico,937,90768.53
PO00326,D0097,2025-10-11,Medico,852,452654.51
PO00327,D0084,2026-06-07,City Hospital,958,333044.89
PO00328,D0179,2026-08-04,Apollo,706,290374.75
PO00329,D0087,2025-07-18,AIIMS,820,157962.36
PO00330,D0199,2026-03-09,LifeCare,704,126321.13
PO00331,D0035,2025-05-06,LifeCare,367,257448.74
PO00332,D0169,2025-08-08,Apollo,36,297009.14
PO00333,D0105,2026-09-03,Apollo,810,492489.19
PO00334,D0071,2025-08-08,AIIMS,290,454854.21
PO00335,D0108,2025-05-17,Apollo,681,66017.39
PO00336,D0015,2025-09-23,LifeCare,923,423253.29
PO00337,D0082,2026-07-21,AIIMS,184,8196.14
PO00338,D0040,2025-12-07,City Hospital,710,372469.05
PO00339,D0041,2026-05-16,LifeCare,557,488354.69
PO00340,D0055,2026-09-22,Medico,494,69688.94
PO00341,D0030,2025-11-14,City Hospital,504,92186.83
PO00342,D0022,2025-04-28,City Hospital,985,469203.75
PO00343,D0094,2026-01-26,City Hospital,613,475430.31
PO00344,D0133,2026-04-23,Medico,692,335619.98
PO00345,D0124,2025-10-23,AIIMS,510,120946.22
PO00346,D0071,2026-02-01,Medico,891,446924.75
PO00347,D0116,2025-02-11,LifeCare,570,492957.83
PO00348,D0125,2025-12-24,Medico,139,213074.74
PO00349,D0158,2026-09-07,Medico,726,307768.2
PO00350,D0080,2025-07-11,LifeCare,822,329778.82
PO00351,D0166,2025-10-29,Medico,224,112395.84
PO00352,D0200,2025-12-27,City Hospital,831,225589.17
PO00353,D0165,2025-01-26,City Hospital,954,453177.22
PO00354,D0116,2026-05-14,Apollo,578,106969.55
PO00355,D0152,2026-01-18,LifeCare,915,258270.04
PO00356,D0156,2026-03-19,City Hospital,560,192001.07
PO00357,D0118,2026-04-14,Apollo,302,230594.41
PO00358,D0147,2026-01-28,AIIMS,366,182178.78
PO00359,D0212,2025-02-03,AIIMS,371,294179.07
PO00360,D0093,2025-10-09,Apollo,787,406423.18
PO00361,D0112,2025-06-25,AIIMS,296,349850.73
PO00362,D0120,2025-05-02,Medico,39,131515.1
PO00363,D0102,2026-07-27,Medico,101,478175.95
PO00364,D0060,2026-04-28,Apollo,640,446294.59
PO00365,D0089,2026-06-16,Apollo,30,398009.67
PO00366,D0068,2026-07-14,Apollo,526,343629.27
PO00367,D0097,2026-07-24,LifeCare,12,175948.71
PO00368,D0172,2026-07-07,City Hospital,324,171496.82
PO00369,D0162,2025-04-24,City Hospital,208,177316.73
PO00370,D0151,2025-03-28,Medico,70,278575.84
PO00371,D0181,2025-07-18,Medico,445,489983.24
PO00372,D0149,2025-12-09,Medico,964,59831.73
PO00373,D0195,2025-03-01,AIIMS,585,6675.63
PO00374,D0094,2026-07-18,Apollo,113,10363.0
PO00375,D0037,2026-02-27,Medico,924,100180.91
PO00376,D0208,2025-02-10,Medico,202,211225.34
PO00377,D0059,2026-07-23,AIIMS,246,294051.29
PO00378,D0126,2026-07-08,AIIMS,435,163850.74
PO00379,D0064,2025-05-19,LifeCare,337,115821.46
PO00380,D0094,2026-05-05,AIIMS,371,333807.72
PO00381,D0219,2025-09-13,LifeCare,205,424063.22
PO00382,D0029,2025-01-07,AIIMS,606,96788.55
PO00383,D0060,2025-11-02,AIIMS,683,442141.14
PO00384,D0067,2026-01-21,LifeCare,256,427697.47
PO00385,D0171,2026-08-21,Apollo,766,362736.14
PO00386,D0073,2026-06-16,City Hospital,437,458475.89
PO00387,D0096,2025-04-25,Apollo,848,418824.13
PO00388,D0002,2025-12-31,City Hospital,620,193978.63
PO00389,D0058,2026-03-10,Medico,974,309247.26
PO00390,D0034,2025-05-06,Apollo,975,430910.26
PO00391,D0066,2025-03-24,City Hospital,576,182556.18
PO00392,D0017,2025-01-05,AIIMS,934,102182.07
PO00393,D0076,2026-03-08,LifeCare,486,408268.19
PO00394,D0203,2026-06-13,LifeCare,2,211932.07
PO00395,D0106,2025-08-15,Medico,656,371819.88
PO00396,D0102,2025-01-30,AIIMS,658,414041.73
PO00397,D0111,2026-04-23,AIIMS,321,303675.86
PO00398,D0067,2025-07-29,City Hospital,72,206116.65
PO00399,D0167,2026-09-13,Medico,197,183094.93
PO00400,D0182,2026-05-30,LifeCare,976,1924.74
PO00401,D0134,2026-08-17,Apollo,581,92656.98
PO00402,D0065,2025-05-06,LifeCare,272,360415.24
PO00403,D0002,2025-03-19,City Hospital,293,240339.15
PO00404,D0159,2025-05-03,LifeCare,300,252434.08
PO00405,D0173,2025-02-08,Medico,669,111022.98
PO00406,D0120,2025-12-02,City Hospital,269,17527.6
PO00407,D0055,2026-02-16,City Hospital,965,175811.06
PO00408,D0205,2025-04-10,AIIMS,139,195896.13
PO00409,D0051,2025-12-28,Medico,194,23159.0
PO00410,D0020,2025-12-18,Apollo,246,4240.35
PO00411,D0078,2026-01-03,AIIMS,519,462577.44
PO00412,D0155,2025-07-24,City Hospital,152,197861.81
PO00413,D0122,2026-09-17,LifeCare,103,39880.78
PO00414,D0004,2025-04-21,LifeCare,981,487414.9
PO00415,D0116,2025-09-20,AIIMS,98,354469.57
PO00416,D0108,2026-09-18,Apollo,157,257488.77
PO00417,D0138,2025-03-12,Medico,250,211583.73
PO00418,D0024,2025-05-02,Apollo,383,23108.53
PO00419,D0181,2025-04-19,Apollo,834,111413.27
