drug_id,drug_name,category,manufacturer,unit_price
D0001,Drug D,Analgesic,PharmaOne,1408.38
D0002,Drug B,Antibiotic,BioLabs,1374.33
D0003,Drug E,Analgesic,PharmaOne,2062.03
D0004,Drug C,Diabetes,MediCare,412.04
D0005,Drug B,Analgesic,MediCare,1901.24
D0006,Drug A,Antibiotic,PharmaOne,2390.89
D0007,Drug D,Vitamin,BioLabs,4869.55
D0008,Drug A,Diabetes,PharmaOne,123.6
D0009,Drug A,Vitamin,MediCare,469.94
D0010,Drug D,Antibiotic,HealthPlus,4364.85
D0011,Drug B,Vitamin,BioLabs,3599.87
D0012,Drug D,Diabetes,PharmaOne,3364.68
D0013,Drug B,Analgesic,PharmaOne,417.6
D0014,Drug E,Antibiotic,HealthPlus,1889.8
D0015,Drug C,Diabetes,HealthPlus,2536.51
D0016,Drug B,Diabetes,PharmaOne,3617.51
D0017,Drug E,Analgesic,PharmaOne,1447.36
D0018,Drug C,Diabetes,HealthPlus,452.59
D0019,Drug C,Cardiac,MediCare,3975.97
D0020,Drug B,Vitamin,BioLabs,4333.44
D0021,Drug C,Vitamin,MediCare,751.36
D0022,Drug B,Antibiotic,PharmaOne,2663.56
D0023,Drug A,Antibiotic,MediCare,486.22
D0024,Drug D,Cardiac,PharmaOne,3721.42
D0025,Drug B,Cardiac,PharmaOne,3167.49
D0026,Drug A,Antibiotic,PharmaOne,4092.75
D0027,Drug D,Cardiac,PharmaOne,3414.9
D0028,Drug E,Cardiac,PharmaOne,1861.21
D0029,Drug B,Vitamin,MediCare,358.11
D0030,Drug E,Analgesic,HealthPlus,4299.45
D0031,Drug E,Vitamin,BioLabs,1441.84
D0032,Drug D,Analgesic,HealthPlus,964.21
D0033,Drug C,Antibiotic,MediCare,1178.34
D0034,Drug B,Diabetes,PharmaOne,210.34
D0035,Drug C,Cardiac,HealthPlus,1951.98
D0036,Drug D,Vitamin,MediCare,4450.7
D0037,Drug B,Antibiotic,BioLabs,231.75
D0038,Drug E,Antibiotic,PharmaOne,2889.25
D0039,Drug A,Cardiac,HealthPlus,1876.31
D0040,Drug D,Antibiotic,BioLabs,4165.49
D0041,Drug D,Diabetes,HealthPlus,3318.8
D0042,Drug D,Analgesic,MediCare,2323.51
D0043,Drug E,Diabetes,MediCare,2563.92
D0044,Drug C,Analgesic,BioLabs,3114.82
D0045,Drug D,Vitamin,MediCare,251.56
D0046,Drug A,Cardiac,HealthPlus,1404.93
D0047,Drug C,Antibiotic,HealthPlus,3818.73
D0048,Drug C,Antibiotic,BioLabs,2882.5
D0049,Drug D,Analgesic,HealthPlus,2207.21
D0050,Drug D,Antibiotic,PharmaOne,3054.2
D0051,Drug C,Analgesic,HealthPlus,3043.14
D0052,Drug C,Diabetes,HealthPlus,1832.38
D0053,Drug A,Vitamin,PharmaOne,2655.25
D0054,Drug D,Analgesic,MediCare,1383.34
D0055,Drug C,Antibiotic,PharmaOne,2556.44
D0056,Drug E,Cardiac,BioLabs,406.35
D0057,Drug B,Diabetes,MediCare,2931.95
D0058,Drug D,Analgesic,HealthPlus,2919.91
D0059,Drug C,Vitamin,PharmaOne,927.19
D0060,Drug D,Vitamin,BioLabs,1969.79
D0061,Drug D,Diabetes,PharmaOne,2758.26
D0062,Drug D,Analgesic,MediCare,735.43
D0063,Drug B,Vitamin,PharmaOne,2109.65
D0064,Drug E,Antibiotic,BioLabs,1743.26
D0065,Drug D,Vitamin,BioLabs,244.38
D0066,Drug D,Diabetes,BioLabs,1760.65
D0067,Drug E,Vitamin,PharmaOne,4147.11
D0068,Drug B,Cardiac,PharmaOne,349.37
D0069,Drug E,Vitamin,BioLabs,2267.13
D0070,Drug B,Vitamin,HealthPlus,4563.47
D0071,Drug B,Cardiac,PharmaOne,2530.47
D0072,Drug C,Antibiotic,PharmaOne,2962.86
D0073,Drug B,Vitamin,PharmaOne,1541.37
D0074,Drug A,Cardiac,BioLabs,2666.48
D0075,Drug A,Antibiotic,BioLabs,187.74
D0076,Drug E,Antibiotic,HealthPlus,895.71
D0077,Drug C,Diabetes,BioLabs,4760.88
D0078,Drug A,Cardiac,MediCare,2603.53
D0079,Drug E,Vitamin,HealthPlus,826.59
D0080,Drug E,Analgesic,PharmaOne,474.35
D0081,Drug C,Antibiotic,HealthPlus,3230.34
D0082,Drug A,Diabetes,MediCare,3903.71
D0083,Drug C,Diabetes,HealthPlus,4448.93
D0084,Drug C,Diabetes,BioLabs,3016.06
D0085,Drug E,Diabetes,BioLabs,4397.21
D0086,Drug E,Analgesic,BioLabs,2233.57
D0087,Drug E,Analgesic,HealthPlus,3304.03
D0088,Drug A,Vitamin,BioLabs,79.45
D0089,Drug C,Analgesic,BioLabs,2907.97
D0090,Drug C,Cardiac,MediCare,4000.15
D0091,Drug D,Cardiac,PharmaOne,2251.55
D0092,Drug E,Antibiotic,BioLabs,1690.35
D0093,Drug C,Antibiotic,HealthPlus,2801.6
D0094,Drug B,Analgesic,HealthPlus,3661.95
D0095,Drug D,Analgesic,MediCare,4761.01
D0096,Drug E,Diabetes,MediCare,1407.11
D0097,Drug C,Analgesic,BioLabs,1028.87
D0098,Drug A,Diabetes,PharmaOne,4923.53
D0099,Drug C,Diabetes,BioLabs,200.72
D0100,Drug B,Antibiotic,HealthPlus,2131.15
D0101,Drug B,Cardiac,HealthPlus,1596.99
D0102,Drug C,Vitamin,PharmaOne,2792.15
D0103,Drug C,Diabetes,MediCare,2797.55
D0104,Drug D,Analgesic,MediCare,2195.88
D0105,Drug A,Cardiac,PharmaOne,2856.26
D0106,Drug E,Antibiotic,HealthPlus,3807.59
D0107,Drug C,Cardiac,HealthPlus,3498.12
D0108,Drug E,Cardiac,MediCare,2252.34
D0109,Drug C,Diabetes,HealthPlus,883.38
D0110,Drug A,Vitamin,BioLabs,837.51
D0111,Drug E,Antibiotic,BioLabs,3033.4
D0112,Drug D,Diabetes,PharmaOne,214.66
D0113,Drug B,Antibiotic,BioLabs,4872.06
D0114,Drug C,Antibiotic,MediCare,368.81
D0115,Drug C,Vitamin,HealthPlus,4863.01
D0116,Drug C,Analgesic,BioLabs,1396.38
D0117,Drug E,Diabetes,PharmaOne,536.66
D0118,Drug D,Analgesic,MediCare,1018.63
D0119,Drug C,Cardiac,PharmaOne,133.4
D0120,Drug E,Antibiotic,HealthPlus,2594.77
D0121,Drug B,Analgesic,BioLabs,4604.65
D0122,Drug D,Analgesic,HealthPlus,1759.27
D0123,Drug A,Analgesic,HealthPlus,1003.16
D0124,Drug A,Antibiotic,HealthPlus,4777.22
D0125,Drug C,Antibiotic,HealthPlus,4970.02
D0126,Drug D,Diabetes,BioLabs,2988.98
D0127,Drug A,Antibiotic,HealthPlus,1949.56
D0128,Drug A,Vitamin,HealthPlus,3310.84
D0129,Drug C,Analgesic,BioLabs,3602.02
D0130,Drug D,Cardiac,PharmaOne,95.43
D0131,Drug E,Analgesic,HealthPlus,1921.62
D0132,Drug A,Vitamin,PharmaOne,2810.33
D0133,Drug E,Antibiotic,HealthPlus,3772.51
D0134,Drug D,Vitamin,HealthPlus,1078.84
D0135,Drug B,Vitamin,PharmaOne,55.82
D0136,Drug D,Antibiotic,PharmaOne,3484.88
D0137,Drug C,Cardiac,BioLabs,4173.28
D0138,Drug C,Cardiac,HealthPlus,1907.99
D0139,Drug C,Cardiac,MediCare,3283.46
D0140,Drug C,Vitamin,BioLabs,1691.73
D0141,Drug A,Analgesic,BioLabs,4054.52
D0142,Drug B,Vitamin,HealthPlus,1540.48
D0143,Drug D,Antibiotic,MediCare,2074.31
D0144,Drug B,Diabetes,HealthPlus,1780.75
D0145,Drug B,Antibiotic,PharmaOne,361.21
D0146,Drug C,Vitamin,MediCare,4266.44
D0147,Drug B,Diabetes,BioLabs,2263.64
D0148,Drug C,Vitamin,PharmaOne,3087.68
D0149,Drug E,Vitamin,BioLabs,4560.75
D0150,Drug D,Antibiotic,BioLabs,957.95
D0151,Drug B,Vitamin,MediCare,4467.97
D0152,Drug C,Antibiotic,BioLabs,2050.99
D0153,Drug E,Antibiotic,BioLabs,2355.21
D0154,Drug C,Diabetes,MediCare,1829.06
D0155,Drug E,Cardiac,MediCare,2744.83
D0156,Drug D,Analgesic,HealthPlus,3615.83
D0157,Drug A,Cardiac,BioLabs,1583.35
D0158,Drug E,Diabetes,PharmaOne,1318.96
D0159,Drug E,Analgesic,HealthPlus,4843.63
D0160,Drug A,Diabetes,BioLabs,2953.38
D0161,Drug A,Analgesic,BioLabs,397.98
D0162,Drug C,Diabetes,BioLabs,3001.01
D0163,Drug D,Cardiac,BioLabs,1632.48
D0164,Drug C,Analgesic,HealthPlus,4794.89
D0165,Drug A,Vitamin,MediCare,2109.65
D0166,Drug A,Analgesic,BioLabs,948.82
D0167,Drug B,Analgesic,PharmaOne,3436.8
D0168,Drug D,Vitamin,BioLabs,2691.23
D0169,Drug C,Diabetes,PharmaOne,2527.5
D0170,Drug A,Cardiac,PharmaOne,262.05
D0171,Drug A,Vitamin,BioLabs,2556.59
D0172,Drug C,Antibiotic,MediCare,1070.34
D0173,Drug C,Antibiotic,PharmaOne,3308.0
D0174,Drug E,Antibiotic,BioLabs,3672.87
D0175,Drug E,Antibiotic,MediCare,1543.02
D0176,Drug B,Antibiotic,PharmaOne,150.12
D0177,Drug A,Vitamin,PharmaOne,2463.64
D0178,Drug E,Analgesic,PharmaOne,2464.45
D0179,Drug D,Vitamin,MediCare,2845.51
D0180,Drug A,Antibiotic,BioLabs,220.58
D0181,Drug A,Analgesic,MediCare,1534.18
D0182,Drug C,Antibiotic,HealthPlus,2521.56
D0183,Drug E,Analgesic,MediCare,1955.1
D0184,Drug B,Cardiac,MediCare,4474.28
D0185,Drug A,Cardiac,MediCare,3209.69
D0186,Drug B,Vitamin,HealthPlus,2776.35
D0187,Drug A,Analgesic,BioLabs,1339.64
D0188,Drug B,Cardiac,MediCare,1396.99
D0189,Drug A,Vitamin,HealthPlus,932.54
D0190,Drug C,Analgesic,HealthPlus,2501.6
D0191,Drug A,Antibiotic,PharmaOne,4032.79
D0192,Drug A,Antibiotic,HealthPlus,3535.39
D0193,Drug E,Antibiotic,PharmaOne,2890.85
D0194,Drug C,Diabetes,PharmaOne,2646.19
D0195,Drug C,Diabetes,BioLabs,4301.28
D0196,Drug E,Analgesic,MediCare,1462.43
D0197,Drug D,Antibiotic,MediCare,4701.68
D0198,Drug B,Vitamin,PharmaOne,4104.21
D0199,Drug D,Analgesic,BioLabs,81.28
D0200,Drug E,Diabetes,HealthPlus,2171.7
D0201,Drug C,Diabetes,PharmaOne,3158.99
D0202,Drug A,Antibiotic,HealthPlus,974.8
D0203,Drug E,Vitamin,HealthPlus,2898.24
D0204,Drug C,Analgesic,HealthPlus,2105.21
D0205,Drug E,Antibiotic,HealthPlus,1841.44
D0206,Drug C,Diabetes,PharmaOne,938.62
D0207,Drug B,Diabetes,MediCare,460.78
D0208,Drug A,Antibiotic,PharmaOne,1719.75
D0209,Drug C,Antibiotic,HealthPlus,3703.82
D0210,Drug B,Analgesic,MediCare,4023.29
D0211,Drug B,Diabetes,BioLabs,3311.58
D0212,Drug A,Antibiotic,HealthPlus,4196.25
D0213,Drug D,Cardiac,MediCare,2171.72
D0214,Drug A,Cardiac,PharmaOne,4316.8
D0215,Drug B,Antibiotic,HealthPlus,2201.88
D0216,Drug B,Antibiotic,PharmaOne,907.65
D0217,Drug E,Vitamin,HealthPlus,4128.57
D0218,Drug A,Analgesic,PharmaOne,1053.13
D0219,Drug B,Diabetes,BioLabs,4128.23
