patient_id,patient_name,city,insurance_type,age
P0001,Neha,Patna,Private,52
P0002,Rahul,Patna,Corporate,19
P0003,Riya,Delhi,Corporate,25
P0004,Karan,Patna,Private,33
P0005,Rahul,Mumbai,Private,76
P0006,Amit,Pune,Government,72
P0007,Neha,Patna,Government,73
P0008,Riya,Delhi,Corporate,68
P0009,Karan,Delhi,Government,69
P0010,Neha,Pune,Private,31
P0011,Pooja,Patna,Private,42
P0012,Pooja,Patna,Private,24
P0013,Pooja,Pune,Private,64
P0014,Karan,Mumbai,Government,72
P0015,Vikas,Pune,Government,26
P0016,Vikas,Pune,Corporate,29
P0017,Karan,Kolkata,Corporate,38
P0018,Vikas,Mumbai,Private,64
P0019,Vikas,Mumbai,Private,65
P0020,Vikas,Delhi,Government,65
P0021,Vikas,Mumbai,Government,73
P0022,Karan,Mumbai,Private,28
P0023,Riya,Delhi,Corporate,26
P0024,Vikas,Pune,Private,54
P0025,Riya,Patna,Corporate,18
P0026,Amit,Kolkata,Corporate,56
P0027,Vikas,Pune,Private,44
P0028,Neha,Kolkata,Corporate,31
P0029,Pooja,Pune,Private,49
P0030,Riya,Kolkata,Government,22
P0031,Neha,Patna,Private,57
P0032,Pooja,Pune,Government,21
P0033,Vikas,Delhi,Private,78
P0034,Pooja,Kolkata,Private,50
P0035,Riya,Kolkata,Private,23
P0036,Neha,Pune,Corporate,71
P0037,Rahul,Pune,Government,66
P0038,Neha,Kolkata,Corporate,70
P0039,Rahul,Kolkata,Government,71
P0040,Karan,Kolkata,Private,77
P0041,Pooja,Mumbai,Government,78
P0042,Vikas,Delhi,Corporate,45
P0043,Neha,Kolkata,Government,33
P0044,Pooja,Mumbai,Private,65
P0045,Riya,Pune,Private,36
P0046,Amit,Mumbai,Government,45
P0047,Rahul,Mumbai,Private,39
P0048,Riya,Pune,Corporate,36
P0049,Pooja,Pune,Corporate,53
P0050,Vikas,Delhi,Government,62
P0051,Vikas,Kolkata,Government,18
P0052,Karan,Delhi,Private,26
P0053,Amit,Patna,Government,62
P0054,Pooja,Patna,Corporate,61
P0055,Amit,Mumbai,Private,24
P0056,Neha,Kolkata,Corporate,31
P0057,Amit,Kolkata,Government,62
P0058,Riya,Patna,Private,75
P0059,Rahul,Delhi,Government,64
P0060,Amit,Mumbai,Corporate,25
P0061,Neha,Mumbai,Private,54
P0062,Pooja,Pune,Corporate,35
P0063,Pooja,Kolkata,Corporate,31
P0064,Neha,Delhi,Government,32
P0065,Riya,Patna,Private,19
P0066,Vikas,Kolkata,Private,45
P0067,Vikas,Mumbai,Government,20
P0068,Karan,Kolkata,Government,69
P0069,Amit,Delhi,Corporate,62
P0070,Neha,Delhi,Corporate,26
P0071,Rahul,Kolkata,Corporate,29
P0072,Rahul,Patna,Government,61
P0073,Riya,Mumbai,Corporate,42
P0074,Amit,Patna,Government,40
P0075,Amit,Delhi,Private,36
P0076,Vikas,Delhi,Private,26
P0077,Neha,Mumbai,Corporate,79
P0078,Amit,Kolkata,Corporate,34
P0079,Riya,Pune,Government,37
P0080,Karan,Kolkata,Corporate,38
P0081,Neha,Delhi,Private,26
P0082,Neha,Pune,Private,79
P0083,Rahul,Pune,Corporate,19
P0084,Vikas,Pune,Private,76
P0085,Karan,Patna,Government,36
P0086,Amit,Kolkata,Private,60
P0087,Neha,Kolkata,Corporate,30
P0088,Karan,Mumbai,Corporate,38
P0089,Vikas,Kolkata,Private,25
P0090,Pooja,Kolkata,Corporate,19
P0091,Vikas,Patna,Government,43
P0092,Vikas,Kolkata,Corporate,40
P0093,Rahul,Mumbai,Government,56
P0094,Pooja,Kolkata,Corporate,66
P0095,Vikas,Kolkata,Private,68
P0096,Amit,Patna,Corporate,45
P0097,Rahul,Delhi,Government,27
P0098,Riya,Kolkata,Government,73
P0099,Neha,Pune,Government,61
P0100,Amit,Pune,Government,31
P0101,Amit,Patna,Government,58
P0102,Rahul,Pune,Government,18
P0103,Riya,Delhi,Government,19
P0104,Riya,Mumbai,Corporate,60
P0105,Vikas,Pune,Government,49
P0106,Neha,Patna,Government,59
P0107,Amit,Kolkata,Corporate,27
P0108,Neha,Kolkata,Government,74
P0109,Pooja,Mumbai,Corporate,78
P0110,Pooja,Kolkata,Private,79
P0111,Amit,Delhi,Private,53
P0112,Vikas,Pune,Corporate,27
P0113,Rahul,Delhi,Government,22
P0114,Vikas,Kolkata,Corporate,76
P0115,Vikas,Pune,Government,71
P0116,Amit,Delhi,Corporate,56
P0117,Amit,Kolkata,Corporate,27
P0118,Vikas,Mumbai,Corporate,70
P0119,Riya,Kolkata,Corporate,61
P0120,Rahul,Patna,Government,64
P0121,Pooja,Kolkata,Corporate,63
P0122,Rahul,Pune,Government,49
P0123,Neha,Patna,Corporate,75
P0124,Karan,Delhi,Government,51
P0125,Neha,Delhi,Government,24
P0126,Karan,Kolkata,Government,27
P0127,Pooja,Delhi,Private,18
P0128,Neha,Patna,Private,20
P0129,Neha,Pune,Government,22
P0130,Amit,Delhi,Corporate,22
P0131,Vikas,Kolkata,Government,27
P0132,Vikas,Kolkata,Private,63
P0133,Karan,Kolkata,Private,32
P0134,Rahul,Kolkata,Corporate,65
P0135,Riya,Kolkata,Corporate,73
P0136,Rahul,Delhi,Private,63
P0137,Amit,Delhi,Corporate,33
P0138,Vikas,Pune,Private,64
P0139,Riya,Mumbai,Private,39
P0140,Pooja,Patna,Government,31
P0141,Riya,Mumbai,Corporate,32
P0142,Neha,Pune,Corporate,36
P0143,Vikas,Delhi,Government,62
P0144,Neha,Mumbai,Private,38
P0145,Rahul,Delhi,Corporate,44
P0146,Rahul,Patna,Government,60
P0147,Riya,Mumbai,Corporate,49
P0148,Riya,Pune,Corporate,23
P0149,Karan,Kolkata,Government,28
P0150,Karan,Mumbai,Government,51
P0151,Pooja,Mumbai,Private,32
P0152,Karan,Kolkata,Corporate,44
P0153,Rahul,Kolkata,Corporate,27
P0154,Vikas,Delhi,Private,75
P0155,Neha,Pune,Government,39
P0156,Vikas,Pune,Government,24
P0157,Neha,Pune,Private,27
P0158,Amit,Delhi,Private,26
P0159,Riya,Mumbai,Government,56
P0160,Neha,Pune,Government,78
P0161,Karan,Kolkata,Corporate,65
P0162,Amit,Delhi,Government,38
P0163,Rahul,Patna,Private,43
P0164,Rahul,Delhi,Corporate,56
P0165,Pooja,Mumbai,Corporate,60
P0166,Rahul,Mumbai,Private,77
P0167,Karan,Pune,Private,36
P0168,Riya,Mumbai,Corporate,25
P0169,Pooja,Pune,Corporate,44
P0170,Neha,Mumbai,Corporate,44
P0171,Vikas,Kolkata,Government,60
P0172,Riya,Pune,Corporate,39
P0173,Vikas,Patna,Corporate,41
P0174,Vikas,Pune,Corporate,30
P0175,Pooja,Kolkata,Private,60
P0176,Riya,Pune,Government,71
P0177,Pooja,Delhi,Government,61
P0178,Pooja,Pune,Private,21
P0179,Amit,Kolkata,Private,53
P0180,Rahul,Mumbai,Private,44
P0181,Rahul,Pune,Government,35
P0182,Neha,Delhi,Private,39
P0183,Amit,Mumbai,Corporate,47
P0184,Vikas,Pune,Government,74
P0185,Amit,Kolkata,Private,32
P0186,Pooja,Mumbai,Government,42
P0187,Rahul,Patna,Government,33
P0188,Karan,Delhi,Private,54
P0189,Rahul,Pune,Government,58
P0190,Pooja,Mumbai,Corporate,37
P0191,Neha,Delhi,Government,59
P0192,Pooja,Delhi,Corporate,60
P0193,Pooja,Delhi,Government,72
P0194,Amit,Delhi,Private,39
P0195,Vikas,Kolkata,Government,28
P0196,Pooja,Delhi,Government,45
P0197,Vikas,Mumbai,Corporate,38
P0198,Rahul,Kolkata,Corporate,32
P0199,Rahul,Patna,Private,23
P0200,Riya,Kolkata,Government,27
P0201,Amit,Kolkata,Private,79
P0202,Rahul,Mumbai,Government,54
P0203,Pooja,Patna,Government,21
P0204,Neha,Kolkata,Corporate,20
P0205,Rahul,Mumbai,Private,53
P0206,Amit,Pune,Private,39
P0207,Karan,Pune,Private,26
P0208,Karan,Delhi,Government,56
P0209,Neha,Delhi,Government,34
P0210,Pooja,Delhi,Corporate,66
P0211,Pooja,Pune,Government,22
P0212,Amit,Delhi,Government,78
P0213,Riya,Kolkata,Government,33
P0214,Amit,Patna,Private,19
P0215,Amit,Delhi,Government,19
P0216,Karan,Mumbai,Government,43
P0217,Karan,Kolkata,Government,60
P0218,Riya,Kolkata,Corporate,69
P0219,Neha,Delhi,Corporate,58
P0220,Neha,Pune,Private,79
P0221,Rahul,Mumbai,Private,70
P0222,Neha,Mumbai,Private,52
P0223,Rahul,Patna,Government,47
P0224,Pooja,Patna,Corporate,60
P0225,Karan,Pune,Government,29
P0226,Karan,Kolkata,Government,21
P0227,Pooja,Pune,Corporate,40
P0228,Neha,Pune,Private,36
P0229,Neha,Kolkata,Private,56
P0230,Riya,Patna,Government,70
P0231,Vikas,Delhi,Corporate,63
P0232,Pooja,Delhi,Government,49
P0233,Rahul,Pune,Private,74
P0234,Rahul,Kolkata,Government,75
P0235,Neha,Kolkata,Government,71
P0236,Rahul,Kolkata,Government,32
P0237,Neha,Kolkata,Corporate,42
P0238,Karan,Patna,Corporate,22
P0239,Riya,Patna,Corporate,50
P0240,Karan,Delhi,Government,78
