visit_id,patient_id,department,doctor,visit_date,treatment_cost
V00001,P0022,General,Dr Sharma,2025-07-07,12205.92
V00002,P0180,Cardiology,Dr Sharma,2025-12-09,73155.93
V00003,P0188,Neurology,Dr Verma,2025-05-09,42878.73
V00004,P0151,Orthopedics,Dr Singh,2026-04-01,3865.41
V00005,P0066,Cardiology,Dr Singh,2025-08-01,17410.11
V00006,P0050,Dermatology,Dr Singh,2025-02-22,42164.79
V00007,P0223,General,Dr Sharma,2026-01-06,30047.7
V00008,P0134,Orthopedics,Dr Kumar,2025-03-02,25147.84
V00009,P0133,Neurology,Dr Kumar,2026-05-31,23472.64
V00010,P0090,General,Dr Verma,2025-12-16,66121.32
V00011,P0181,Cardiology,Dr Singh,2026-07-14,51023.05
V00012,P0013,General,Dr Kumar,2026-05-18,56966.61
V00013,P0113,Orthopedics,Dr Singh,2025-08-09,31874.57
V00014,P0124,Neurology,Dr Sharma,2025-12-05,59996.06
V00015,P0104,General,Dr Verma,2025-04-20,76362.46
V00016,P0106,Neurology,Dr Sharma,2026-09-18,11843.99
V00017,P0128,Neurology,Dr Sharma,2025-12-28,60076.87
V00018,P0163,Dermatology,Dr Sharma,2026-02-05,79450.77
V00019,P0067,Cardiology,Dr Singh,2025-05-18,17529.82
V00020,P0145,Orthopedics,Dr Kumar,2026-03-08,11886.25
V00021,P0167,General,Dr Singh,2025-01-23,15905.21
V00022,P0099,General,Dr Kumar,2026-08-09,70299.25
V00023,P0040,General,Dr Sharma,2026-05-07,15006.93
V00024,P0036,Orthopedics,Dr Kumar,2025-10-07,69442.25
V00025,P0091,Cardiology,Dr Kumar,2026-07-10,67491.93
V00026,P0132,Orthopedics,Dr Verma,2025-07-15,72103.25
V00027,P0219,Neurology,Dr Kumar,2026-03-24,45305.33
V00028,P0165,General,Dr Singh,2026-08-03,15762.12
V00029,P0100,Orthopedics,Dr Sharma,2025-08-15,27910.41
V00030,P0026,Orthopedics,Dr Verma,2025-02-08,67826.55
V00031,P0106,Orthopedics,Dr Sharma,2025-03-14,72637.7
V00032,P0131,Neurology,Dr Singh,2025-07-25,8076.48
V00033,P0121,Cardiology,Dr Sharma,2025-11-17,64917.16
V00034,P0217,Cardiology,Dr Sharma,2026-01-08,12971.11
V00035,P0111,Orthopedics,Dr Kumar,2025-09-03,12631.69
V00036,P0164,General,Dr Singh,2026-09-16,49586.43
V00037,P0122,Dermatology,Dr Kumar,2025-09-13,33213.24
V00038,P0207,Orthopedics,Dr Sharma,2025-08-19,25245.33
V00039,P0125,Orthopedics,Dr Verma,2025-07-27,26233.05
V00040,P0135,Cardiology,Dr Verma,2025-11-14,69231.65
V00041,P0236,Orthopedics,Dr Kumar,2026-07-23,17859.29
V00042,P0064,General,Dr Singh,2025-03-28,15951.88
V00043,P0043,Orthopedics,Dr Singh,2025-11-27,65179.11
V00044,P0130,Dermatology,Dr Verma,2025-12-25,7772.58
V00045,P0059,Cardiology,Dr Sharma,2026-07-31,9422.45
V00046,P0156,General,Dr Sharma,2025-01-07,70444.74
V00047,P0122,Cardiology,Dr Verma,2025-03-22,53106.71
V00048,P0157,Orthopedics,Dr Sharma,2025-07-03,57164.71
V00049,P0231,Neurology,Dr Singh,2025-11-02,75203.89
V00050,P0217,Cardiology,Dr Sharma,2025-05-06,13750.34
V00051,P0039,Orthopedics,Dr Sharma,2026-01-28,37816.09
V00052,P0071,Orthopedics,Dr Verma,2026-04-22,62329.54
V00053,P0098,Cardiology,Dr Kumar,2025-04-12,2108.42
V00054,P0152,Dermatology,Dr Kumar,2026-05-03,26100.3
V00055,P0035,Neurology,Dr Singh,2025-06-01,70357.54
V00056,P0199,Orthopedics,Dr Kumar,2025-08-13,15248.53
V00057,P0141,Neurology,Dr Singh,2025-09-03,10238.03
V00058,P0034,Neurology,Dr Sharma,2025-10-30,75250.84
V00059,P0170,Dermatology,Dr Verma,2025-07-21,70504.18
V00060,P0032,Dermatology,Dr Singh,2025-11-19,73239.15
V00061,P0163,Orthopedics,Dr Sharma,2026-02-06,26127.55
V00062,P0012,Neurology,Dr Sharma,2025-10-03,72531.6
V00063,P0232,Orthopedics,Dr Verma,2026-08-26,18391.81
V00064,P0014,Orthopedics,Dr Singh,2025-11-05,47722.26
V00065,P0137,General,Dr Singh,2025-09-01,57885.17
V00066,P0199,Dermatology,Dr Singh,2025-03-17,64013.68
V00067,P0020,Cardiology,Dr Kumar,2025-05-02,10499.23
V00068,P0084,Cardiology,Dr Verma,2026-04-07,69694.94
V00069,P0103,Dermatology,Dr Sharma,2026-05-18,31845.58
V00070,P0135,Dermatology,Dr Singh,2025-12-24,68896.22
V00071,P0073,Dermatology,Dr Verma,2025-08-27,48739.4
V00072,P0057,General,Dr Sharma,2026-03-10,65751.5
V00073,P0045,Cardiology,Dr Kumar,2025-06-14,58028.39
V00074,P0117,Neurology,Dr Singh,2025-07-17,2612.98
V00075,P0129,General,Dr Kumar,2025-03-11,79375.63
V00076,P0038,General,Dr Kumar,2025-02-24,65122.38
V00077,P0217,Neurology,Dr Sharma,2026-04-19,31343.44
V00078,P0119,Neurology,Dr Verma,2025-05-04,74640.81
V00079,P0185,General,Dr Verma,2025-12-14,17797.02
V00080,P0231,General,Dr Sharma,2026-01-29,9889.11
V00081,P0017,Orthopedics,Dr Sharma,2025-11-08,16734.77
V00082,P0218,Cardiology,Dr Kumar,2026-05-14,22074.84
V00083,P0177,General,Dr Kumar,2025-01-29,41087.95
V00084,P0223,Cardiology,Dr Singh,2026-04-11,4183.12
V00085,P0055,Cardiology,Dr Kumar,2025-08-18,77845.52
V00086,P0036,General,Dr Singh,2025-08-19,18627.77
V00087,P0223,Cardiology,Dr Singh,2026-06-06,72794.6
V00088,P0173,Dermatology,Dr Verma,2026-04-06,50257.99
V00089,P0184,Neurology,Dr Verma,2025-04-17,67253.61
V00090,P0177,Cardiology,Dr Singh,2025-11-28,45469.71
V00091,P0224,Dermatology,Dr Sharma,2026-05-04,28598.0
V00092,P0087,Cardiology,Dr Singh,2026-05-05,9468.85
V00093,P0106,Dermatology,Dr Singh,2025-03-25,49978.2
V00094,P0046,Neurology,Dr Sharma,2025-09-13,13235.95
V00095,P0116,General,Dr Sharma,2025-04-17,36559.19
V00096,P0072,Cardiology,Dr Singh,2026-09-25,60279.1
V00097,P0049,General,Dr Verma,2026-06-06,11862.69
V00098,P0181,Orthopedics,Dr Kumar,2026-07-05,24252.45
V00099,P0052,Orthopedics,Dr Verma,2025-01-11,7044.59
V00100,P0039,Cardiology,Dr Singh,2025-07-03,56340.2
V00101,P0014,General,Dr Sharma,2025-07-29,2818.89
V00102,P0126,Cardiology,Dr Kumar,2026-04-29,55432.62
V00103,P0141,Dermatology,Dr Kumar,2025-04-30,24424.42
V00104,P0147,Cardiology,Dr Sharma,2025-06-20,18473.51
V00105,P0024,Dermatology,Dr Sharma,2026-07-13,52940.81
V00106,P0105,Dermatology,Dr Singh,2025-07-05,11597.45
V00107,P0135,Orthopedics,Dr Verma,2025-07-18,71550.92
V00108,P0235,Dermatology,Dr Kumar,2026-02-16,25788.81
V00109,P0080,Orthopedics,Dr Sharma,2025-10-27,45007.82
V00110,P0028,Orthopedics,Dr Kumar,2025-02-08,46806.17
V00111,P0111,Cardiology,Dr Singh,2025-01-10,51619.13
V00112,P0213,Dermatology,Dr Sharma,2025-05-11,5716.02
V00113,P0017,Cardiology,Dr Sharma,2025-11-01,78053.82
V00114,P0142,Neurology,Dr Sharma,2025-01-27,35172.2
V00115,P0020,Dermatology,Dr Verma,2026-07-24,42253.33
V00116,P0053,Neurology,Dr Sharma,2025-01-09,66052.86
V00117,P0060,Dermatology,Dr Sharma,2025-08-14,6863.91
V00118,P0195,Orthopedics,Dr Sharma,2025-10-06,6558.83
V00119,P0153,Orthopedics,Dr Singh,2026-01-17,32707.03
V00120,P0102,Cardiology,Dr Sharma,2025-03-10,43711.18
V00121,P0074,Cardiology,Dr Verma,2026-08-14,844.36
V00122,P0191,Dermatology,Dr Kumar,2025-04-11,17699.86
V00123,P0080,Neurology,Dr Kumar,2025-12-05,67494.54
V00124,P0015,Dermatology,Dr Verma,2026-07-01,7855.99
V00125,P0034,Cardiology,Dr Verma,2025-10-27,75176.04
V00126,P0227,Orthopedics,Dr Verma,2025-10-31,47340.53
V00127,P0213,Dermatology,Dr Singh,2025-07-10,37845.57
V00128,P0096,Cardiology,Dr Verma,2025-09-14,5668.41
V00129,P0118,General,Dr Sharma,2025-08-06,63528.63
V00130,P0173,Cardiology,Dr Kumar,2026-02-04,22790.17
V00131,P0234,General,Dr Singh,2025-11-30,65130.9
V00132,P0223,Cardiology,Dr Sharma,2026-07-13,61326.36
V00133,P0164,General,Dr Singh,2026-08-25,11875.46
V00134,P0204,Neurology,Dr Singh,2026-01-08,32599.42
V00135,P0228,Dermatology,Dr Sharma,2025-08-18,19659.71
V00136,P0140,Orthopedics,Dr Sharma,2025-01-30,76714.12
V00137,P0025,Dermatology,Dr Singh,2026-09-09,43324.84
V00138,P0220,Orthopedics,Dr Singh,2026-03-25,50258.96
V00139,P0137,Cardiology,Dr Singh,2026-03-11,2446.4
V00140,P0233,Dermatology,Dr Sharma,2026-06-26,3831.14
V00141,P0029,Neurology,Dr Singh,2026-08-15,13164.53
V00142,P0182,Dermatology,Dr Sharma,2026-04-05,64213.32
V00143,P0210,General,Dr Verma,2026-05-31,53681.71
V00144,P0223,Cardiology,Dr Kumar,2026-07-03,22732.68
V00145,P0132,Neurology,Dr Singh,2026-01-02,6669.72
V00146,P0085,General,Dr Singh,2025-08-01,9273.23
V00147,P0115,Neurology,Dr Kumar,2026-02-10,16306.42
V00148,P0068,Cardiology,Dr Sharma,2025-07-01,79188.85
V00149,P0084,Dermatology,Dr Sharma,2026-07-16,76590.65
V00150,P0235,Neurology,Dr Kumar,2026-08-13,67233.95
V00151,P0211,Dermatology,Dr Sharma,2026-01-03,38978.84
V00152,P0039,General,Dr Sharma,2025-04-19,41727.57
V00153,P0015,General,Dr Verma,2025-09-22,70343.04
V00154,P0070,General,Dr Singh,2026-01-24,75061.74
V00155,P0102,Cardiology,Dr Verma,2026-03-22,57723.13
V00156,P0083,General,Dr Singh,2025-08-04,26681.19
V00157,P0127,Orthopedics,Dr Verma,2026-05-29,48987.87
V00158,P0153,Orthopedics,Dr Sharma,2026-01-01,75618.87
V00159,P0206,Dermatology,Dr Verma,2025-09-17,63141.54
V00160,P0194,Cardiology,Dr Sharma,2025-05-18,76825.61
V00161,P0143,General,Dr Sharma,2025-05-30,25147.19
V00162,P0093,Dermatology,Dr Sharma,2025-04-03,64596.6
V00163,P0192,Neurology,Dr Kumar,2026-09-30,24255.91
V00164,P0046,Cardiology,Dr Singh,2026-08-05,43267.08
V00165,P0090,Neurology,Dr Kumar,2025-01-06,66496.22
V00166,P0175,Cardiology,Dr Sharma,2026-04-01,65606.64
V00167,P0009,General,Dr Verma,2026-03-30,15446.29
V00168,P0149,Cardiology,Dr Kumar,2026-03-06,15454.3
V00169,P0239,Dermatology,Dr Kumar,2025-03-25,25496.96
V00170,P0056,Neurology,Dr Sharma,2025-07-11,12805.42
V00171,P0011,Dermatology,Dr Singh,2026-08-29,15102.89
V00172,P0090,Dermatology,Dr Sharma,2025-06-11,17321.04
V00173,P0069,Dermatology,Dr Kumar,2026-06-26,41562.73
V00174,P0170,Dermatology,Dr Kumar,2025-06-02,63012.67
V00175,P0011,Orthopedics,Dr Singh,2025-01-17,58871.19
V00176,P0033,Orthopedics,Dr Kumar,2026-09-11,42935.77
V00177,P0115,Cardiology,Dr Singh,2026-02-15,69583.05
V00178,P0138,Neurology,Dr Sharma,2025-02-02,30823.49
V00179,P0022,Cardiology,Dr Kumar,2026-01-20,45023.59
V00180,P0237,Neurology,Dr Verma,2025-11-02,74846.04
V00181,P0071,Cardiology,Dr Singh,2025-08-18,10790.64
V00182,P0203,Cardiology,Dr Kumar,2025-06-17,76688.23
V00183,P0218,Cardiology,Dr Singh,2025-09-14,3958.01
V00184,P0217,Orthopedics,Dr Kumar,2026-03-11,19251.16
V00185,P0068,Orthopedics,Dr Sharma,2026-01-11,66501.93
V00186,P0124,Orthopedics,Dr Kumar,2026-03-14,25314.94
V00187,P0065,General,Dr Sharma,2025-05-02,13423.58
V00188,P0051,Orthopedics,Dr Singh,2026-07-01,31124.23
V00189,P0088,Neurology,Dr Singh,2026-01-31,54312.6
V00190,P0162,Orthopedics,Dr Kumar,2026-01-21,3967.93
V00191,P0195,Cardiology,Dr Kumar,2025-10-09,37427.74
V00192,P0169,General,Dr Verma,2025-10-21,19615.82
V00193,P0133,Dermatology,Dr Kumar,2025-08-08,73864.96
V00194,P0158,Orthopedics,Dr Singh,2025-03-06,54757.15
V00195,P0030,Neurology,Dr Verma,2025-01-14,19227.96
V00196,P0005,Dermatology,Dr Kumar,2025-11-25,56426.65
V00197,P0210,Dermatology,Dr Sharma,2025-05-06,34093.53
V00198,P0128,Orthopedics,Dr Sharma,2025-09-17,7700.97
V00199,P0117,General,Dr Verma,2025-11-01,52411.95
V00200,P0194,Cardiology,Dr Kumar,2026-01-12,7244.14
V00201,P0187,Orthopedics,Dr Singh,2025-02-28,58890.29
V00202,P0042,Cardiology,Dr Sharma,2026-01-09,25236.99
V00203,P0163,Cardiology,Dr Verma,2025-02-23,50207.67
V00204,P0066,Dermatology,Dr Verma,2026-06-07,5941.66
V00205,P0169,Neurology,Dr Singh,2025-05-27,12420.13
V00206,P0053,Neurology,Dr Sharma,2025-03-22,77823.17
V00207,P0162,Dermatology,Dr Kumar,2025-12-25,53528.18
V00208,P0205,Orthopedics,Dr Kumar,2025-03-13,61831.81
V00209,P0019,Cardiology,Dr Sharma,2025-03-27,50096.44
V00210,P0150,Neurology,Dr Verma,2025-11-19,20939.63
V00211,P0186,Orthopedics,Dr Sharma,2025-12-02,10037.29
V00212,P0228,Orthopedics,Dr Kumar,2025-03-16,35996.1
V00213,P0061,General,Dr Sharma,2026-07-11,64941.06
V00214,P0077,Cardiology,Dr Kumar,2026-05-23,14704.91
V00215,P0027,Dermatology,Dr Kumar,2025-12-11,12245.64
V00216,P0140,Dermatology,Dr Verma,2025-10-29,67998.27
V00217,P0210,Dermatology,Dr Sharma,2026-02-08,43361.59
V00218,P0084,Cardiology,Dr Singh,2026-03-31,42110.04
V00219,P0218,Neurology,Dr Singh,2026-05-28,63690.41
V00220,P0148,General,Dr Sharma,2026-06-30,18484.51
V00221,P0160,Orthopedics,Dr Verma,2026-04-03,33100.37
V00222,P0094,Dermatology,Dr Singh,2026-04-23,59683.37
V00223,P0105,Neurology,Dr Singh,2025-06-02,69242.94
V00224,P0193,Neurology,Dr Verma,2026-05-09,77314.47
V00225,P0190,General,Dr Kumar,2026-03-17,37111.63
V00226,P0179,Dermatology,Dr Kumar,2025-08-06,6182.3
V00227,P0222,Neurology,Dr Verma,2025-05-25,43693.38
V00228,P0057,Dermatology,Dr Verma,2026-07-12,22588.85
V00229,P0167,General,Dr Singh,2025-01-20,52719.46
V00230,P0222,Orthopedics,Dr Sharma,2025-04-20,2154.6
V00231,P0209,Orthopedics,Dr Singh,2026-09-23,24578.47
V00232,P0028,Cardiology,Dr Singh,2026-09-30,79670.19
V00233,P0018,Orthopedics,Dr Kumar,2025-06-12,9442.59
V00234,P0169,General,Dr Sharma,2025-11-22,4260.45
V00235,P0216,Orthopedics,Dr Sharma,2026-04-24,59883.41
V00236,P0182,Neurology,Dr Kumar,2025-03-17,47211.13
V00237,P0140,General,Dr Singh,2025-07-04,33842.44
V00238,P0098,Dermatology,Dr Verma,2026-05-22,44333.46
V00239,P0148,Cardiology,Dr Singh,2025-03-20,26639.94
V00240,P0130,General,Dr Verma,2025-11-09,16371.09
V00241,P0142,Orthopedics,Dr Sharma,2026-09-17,16690.96
V00242,P0225,Orthopedics,Dr Kumar,2026-03-20,56357.64
V00243,P0008,Dermatology,Dr Singh,2025-07-23,39337.89
V00244,P0008,Orthopedics,Dr Singh,2025-04-30,1226.46
V00245,P0232,Neurology,Dr Kumar,2026-04-18,67246.74
V00246,P0057,Cardiology,Dr Singh,2025-09-01,76221.13
V00247,P0043,Neurology,Dr Verma,2026-02-09,78530.01
V00248,P0162,Dermatology,Dr Kumar,2025-08-18,78486.83
V00249,P0115,Neurology,Dr Verma,2025-10-04,14103.14
V00250,P0117,Neurology,Dr Kumar,2025-10-14,34282.98
V00251,P0236,Neurology,Dr Sharma,2025-12-02,51772.14
V00252,P0048,Dermatology,Dr Kumar,2025-12-20,74540.91
V00253,P0071,Neurology,Dr Singh,2026-01-27,65032.54
V00254,P0064,Dermatology,Dr Sharma,2025-01-04,66375.48
V00255,P0147,Orthopedics,Dr Singh,2025-04-28,71146.8
V00256,P0172,General,Dr Verma,2025-04-16,46628.04
V00257,P0228,Orthopedics,Dr Verma,2025-03-20,42059.0
V00258,P0222,Orthopedics,Dr Kumar,2026-04-13,31621.43
V00259,P0034,Cardiology,Dr Sharma,2026-07-13,18181.88
V00260,P0108,General,Dr Verma,2025-02-14,70953.57
V00261,P0133,Dermatology,Dr Singh,2025-10-05,29288.69
V00262,P0140,Dermatology,Dr Kumar,2025-02-08,74009.99
V00263,P0056,Cardiology,Dr Sharma,2025-08-29,15337.6
V00264,P0036,Orthopedics,Dr Singh,2026-08-07,16959.43
V00265,P0036,General,Dr Verma,2025-08-24,48781.24
V00266,P0235,Neurology,Dr Kumar,2025-02-12,34156.05
V00267,P0153,Neurology,Dr Sharma,2026-02-05,65401.94
V00268,P0052,Cardiology,Dr Singh,2026-07-08,39755.59
V00269,P0111,Neurology,Dr Verma,2025-05-24,26703.15
V00270,P0081,Neurology,Dr Verma,2025-02-21,57915.55
V00271,P0213,Cardiology,Dr Kumar,2026-03-16,4065.13
V00272,P0037,Neurology,Dr Kumar,2025-06-11,51292.76
V00273,P0134,Dermatology,Dr Kumar,2025-10-06,1333.1
V00274,P0091,Cardiology,Dr Kumar,2026-07-23,74939.17
V00275,P0053,Orthopedics,Dr Kumar,2025-09-08,79416.7
V00276,P0217,Cardiology,Dr Singh,2025-08-28,17168.46
V00277,P0007,Cardiology,Dr Singh,2026-04-21,56750.0
V00278,P0033,Neurology,Dr Kumar,2025-03-23,38869.43
V00279,P0139,Neurology,Dr Kumar,2025-04-05,54179.24
V00280,P0193,Cardiology,Dr Sharma,2026-09-29,39890.88
V00281,P0136,Neurology,Dr Verma,2025-06-07,35014.74
V00282,P0239,Neurology,Dr Singh,2025-05-05,64782.45
V00283,P0089,Orthopedics,Dr Singh,2025-08-18,60882.23
V00284,P0176,Dermatology,Dr Singh,2025-05-02,62606.58
V00285,P0144,Cardiology,Dr Sharma,2026-01-19,75877.94
V00286,P0239,Dermatology,Dr Singh,2026-06-09,2624.54
V00287,P0065,Orthopedics,Dr Sharma,2025-07-28,64433.73
V00288,P0009,Dermatology,Dr Verma,2025-11-16,75697.22
V00289,P0071,Dermatology,Dr Singh,2026-08-12,65362.43
V00290,P0018,General,Dr Singh,2026-04-16,10019.6
V00291,P0167,Neurology,Dr Sharma,2025-09-09,66302.4
V00292,P0055,Dermatology,Dr Verma,2026-07-18,55895.44
V00293,P0119,Neurology,Dr Sharma,2025-04-15,66115.23
V00294,P0238,General,Dr Sharma,2025-03-20,20868.94
V00295,P0134,Dermatology,Dr Verma,2026-08-16,32922.67
V00296,P0080,Neurology,Dr Sharma,2026-06-09,49040.72
V00297,P0237,Cardiology,Dr Kumar,2025-11-20,66477.79
V00298,P0121,Orthopedics,Dr Kumar,2026-04-09,54221.8
V00299,P0150,Cardiology,Dr Kumar,2026-09-06,61291.33
V00300,P0092,Cardiology,Dr Verma,2025-08-18,10403.5
V00301,P0168,Orthopedics,Dr Kumar,2026-06-18,24652.41
V00302,P0073,Cardiology,Dr Kumar,2026-05-02,23440.88
V00303,P0169,Orthopedics,Dr Singh,2026-09-15,60833.13
V00304,P0031,Dermatology,Dr Verma,2026-01-10,2760.62
V00305,P0201,Orthopedics,Dr Kumar,2025-11-13,35036.49
V00306,P0005,Neurology,Dr Singh,2025-04-19,53902.93
V00307,P0106,Neurology,Dr Singh,2025-01-03,46264.65
V00308,P0007,Neurology,Dr Singh,2026-01-08,5590.48
V00309,P0141,Cardiology,Dr Singh,2026-03-24,57341.16
V00310,P0110,Dermatology,Dr Singh,2026-05-21,40736.83
V00311,P0081,Dermatology,Dr Sharma,2025-01-07,9641.55
V00312,P0230,Dermatology,Dr Verma,2025-03-16,65602.28
V00313,P0208,Cardiology,Dr Kumar,2026-01-14,78270.1
V00314,P0163,Dermatology,Dr Verma,2025-03-22,10053.75
V00315,P0052,Neurology,Dr Kumar,2025-05-03,51545.4
V00316,P0087,Cardiology,Dr Singh,2026-02-13,62048.84
V00317,P0105,Dermatology,Dr Verma,2025-10-25,72194.87
V00318,P0234,Neurology,Dr Sharma,2026-04-05,23668.43
V00319,P0043,Neurology,Dr Verma,2025-01-04,18723.01
V00320,P0080,General,Dr Verma,2026-09-19,41664.15
V00321,P0185,Orthopedics,Dr Verma,2025-11-15,4912.99
V00322,P0185,Neurology,Dr Verma,2026-02-23,42586.97
V00323,P0231,General,Dr Singh,2026-07-01,30038.7
V00324,P0085,Orthopedics,Dr Kumar,2025-12-01,50468.44
V00325,P0160,Dermatology,Dr Verma,2025-04-24,26318.27
V00326,P0170,Neurology,Dr Singh,2025-04-30,15460.39
V00327,P0102,Orthopedics,Dr Singh,2025-06-07,39476.43
V00328,P0128,Orthopedics,Dr Kumar,2025-03-22,38374.46
V00329,P0155,Neurology,Dr Singh,2025-09-28,57375.75
V00330,P0215,General,Dr Verma,2025-11-29,18794.83
V00331,P0004,General,Dr Singh,2025-01-15,42793.96
V00332,P0070,Orthopedics,Dr Kumar,2025-04-30,6550.5
V00333,P0220,General,Dr Kumar,2026-01-23,61528.83
V00334,P0066,Cardiology,Dr Kumar,2025-12-06,23015.18
V00335,P0188,Cardiology,Dr Verma,2026-08-05,19646.46
V00336,P0020,General,Dr Kumar,2025-12-04,2716.36
V00337,P0070,Orthopedics,Dr Kumar,2025-03-17,46585.33
V00338,P0124,Dermatology,Dr Singh,2025-08-13,33966.15
V00339,P0087,Orthopedics,Dr Singh,2026-01-24,8284.86
V00340,P0176,Dermatology,Dr Kumar,2025-09-18,63920.35
V00341,P0220,General,Dr Singh,2026-03-30,33386.12
V00342,P0082,Orthopedics,Dr Sharma,2025-09-27,77565.52
V00343,P0029,Neurology,Dr Verma,2026-09-26,64336.86
V00344,P0129,Neurology,Dr Kumar,2025-02-16,79297.43
V00345,P0197,General,Dr Singh,2026-01-09,75831.17
V00346,P0003,Dermatology,Dr Verma,2025-08-30,69938.46
V00347,P0036,Dermatology,Dr Singh,2026-07-26,77068.91
V00348,P0224,Dermatology,Dr Sharma,2025-02-08,48086.99
V00349,P0044,Neurology,Dr Sharma,2026-08-18,50570.85
V00350,P0200,Neurology,Dr Sharma,2025-02-23,57694.56
V00351,P0236,General,Dr Sharma,2026-08-27,20642.79
V00352,P0212,Dermatology,Dr Verma,2026-07-16,5764.88
V00353,P0011,General,Dr Kumar,2025-07-03,66800.89
V00354,P0149,Orthopedics,Dr Singh,2026-09-15,72367.07
V00355,P0045,Orthopedics,Dr Kumar,2026-09-25,8250.18
V00356,P0156,Dermatology,Dr Verma,2025-11-08,1416.13
V00357,P0063,Neurology,Dr Verma,2026-04-16,25013.46
V00358,P0175,Cardiology,Dr Sharma,2025-04-02,55182.46
V00359,P0221,Orthopedics,Dr Kumar,2026-07-19,7680.78
V00360,P0235,Cardiology,Dr Verma,2026-02-05,40066.49
V00361,P0046,Cardiology,Dr Kumar,2026-06-21,50807.65
V00362,P0065,General,Dr Sharma,2025-09-18,75251.05
V00363,P0239,Dermatology,Dr Kumar,2026-09-15,28749.75
V00364,P0042,General,Dr Verma,2026-06-24,68272.71
V00365,P0196,Neurology,Dr Kumar,2025-11-10,57415.19
V00366,P0033,General,Dr Singh,2025-09-09,3202.34
V00367,P0121,General,Dr Verma,2025-07-13,78557.41
V00368,P0174,Neurology,Dr Singh,2026-01-06,62399.56
V00369,P0068,General,Dr Kumar,2025-09-12,21609.19
V00370,P0144,Orthopedics,Dr Sharma,2025-02-10,25716.41
V00371,P0132,General,Dr Sharma,2025-04-28,51832.59
V00372,P0209,Dermatology,Dr Kumar,2025-03-24,25382.04
V00373,P0095,General,Dr Sharma,2025-05-22,67187.76
V00374,P0031,Orthopedics,Dr Sharma,2025-09-25,11685.34
V00375,P0066,Orthopedics,Dr Singh,2026-06-17,37305.25
V00376,P0161,General,Dr Sharma,2026-02-02,54063.24
V00377,P0220,Dermatology,Dr Kumar,2026-03-29,13670.05
V00378,P0048,General,Dr Kumar,2026-05-21,24485.34
V00379,P0166,Neurology,Dr Sharma,2025-01-09,50170.27
V00380,P0237,Neurology,Dr Sharma,2025-10-08,25807.86
V00381,P0110,Cardiology,Dr Verma,2025-07-30,36580.77
V00382,P0094,Dermatology,Dr Singh,2025-11-02,29770.13
V00383,P0164,Orthopedics,Dr Verma,2026-07-21,16403.38
V00384,P0071,Cardiology,Dr Verma,2025-07-18,69343.8
V00385,P0225,Orthopedics,Dr Singh,2026-02-18,23465.52
V00386,P0150,Dermatology,Dr Sharma,2025-12-28,66164.61
V00387,P0081,Orthopedics,Dr Sharma,2026-02-26,67898.01
V00388,P0105,Orthopedics,Dr Kumar,2025-08-14,61617.47
V00389,P0083,General,Dr Verma,2026-06-11,71620.88
V00390,P0230,Cardiology,Dr Singh,2026-05-30,26251.62
V00391,P0058,General,Dr Kumar,2026-02-10,41336.34
V00392,P0054,Dermatology,Dr Sharma,2025-10-14,1247.83
V00393,P0028,Cardiology,Dr Singh,2026-05-10,56418.64
V00394,P0042,Cardiology,Dr Kumar,2025-06-29,54677.95
V00395,P0181,Orthopedics,Dr Verma,2026-01-08,27280.75
V00396,P0181,Cardiology,Dr Verma,2025-09-03,15507.4
V00397,P0110,Orthopedics,Dr Verma,2025-01-18,74524.66
V00398,P0087,Orthopedics,Dr Singh,2026-01-09,67161.19
V00399,P0049,Dermatology,Dr Kumar,2025-06-04,997.62
V00400,P0137,Neurology,Dr Sharma,2025-09-07,32406.38
