sale_id,property_id,agent,sale_date,sale_price,commission
SL00001,PR0061,Agent C,2025-12-19,46875716.06,417831.48
SL00002,PR0082,Agent C,2026-08-15,42857154.13,517269.36
SL00003,PR0173,Agent A,2025-12-17,47351268.45,494859.15
SL00004,PR0153,Agent D,2025-04-09,49765636.58,426385.25
SL00005,PR0119,Agent B,2025-04-02,48651449.88,933050.41
SL00006,PR0004,Agent C,2026-04-01,25579896.89,788046.58
SL00007,PR0058,Agent C,2025-08-22,27591182.88,790978.11
SL00008,PR0244,Agent A,2026-07-27,38696426.14,364279.39
SL00009,PR0106,Agent D,2025-09-27,26854233.17,690662.78
SL00010,PR0176,Agent A,2025-12-25,21381739.16,279947.44
SL00011,PR0051,Agent B,2025-02-12,16825060.38,275853.6
SL00012,PR0051,Agent D,2026-01-17,36235712.79,20737.72
SL00013,PR0034,Agent A,2025-03-05,22072824.97,308643.02
SL00014,PR0206,Agent C,2025-11-08,23707220.08,655186.28
SL00015,PR0063,Agent B,2026-01-06,44361721.44,372601.02
SL00016,PR0246,Agent B,2025-12-06,40274667.85,883554.58
SL00017,PR0181,Agent B,2025-01-16,42917753.91,426946.23
SL00018,PR0148,Agent C,2025-06-01,24221648.27,956421.89
SL00019,PR0222,Agent B,2026-07-31,16169896.5,262094.72
SL00020,PR0019,Agent D,2025-06-15,20528840.42,455582.19
SL00021,PR0034,Agent C,2025-12-13,2791748.85,925878.12
SL00022,PR0101,Agent D,2026-03-09,1430613.98,407873.66
SL00023,PR0126,Agent D,2025-11-03,41295676.56,95633.23
SL00024,PR0025,Agent B,2025-10-31,10427125.92,59368.51
SL00025,PR0094,Agent D,2026-08-18,15561460.98,662576.84
SL00026,PR0259,Agent A,2025-05-08,5886377.83,205005.47
SL00027,PR0159,Agent D,2026-05-01,46839207.4,578142.48
SL00028,PR0044,Agent B,2026-02-25,45740496.76,906571.39
SL00029,PR0163,Agent B,2026-04-24,6229655.41,176469.05
SL00030,PR0259,Agent D,2026-07-01,2973812.93,753462.52
SL00031,PR0046,Agent B,2026-01-19,17253305.14,901598.53
SL00032,PR0101,Agent B,2025-02-18,36001861.81,938010.93
SL00033,PR0169,Agent A,2025-06-04,18175688.98,195913.89
SL00034,PR0011,Agent B,2026-06-08,3334823.47,662812.04
SL00035,PR0216,Agent B,2026-09-01,4052406.74,232612.75
SL00036,PR0090,Agent B,2026-01-11,2252140.12,174455.77
SL00037,PR0148,Agent B,2026-08-20,17374489.07,398423.22
SL00038,PR0186,Agent A,2025-06-19,6147229.59,73067.32
SL00039,PR0108,Agent C,2025-03-15,15532912.88,77183.87
SL00040,PR0024,Agent C,2025-08-28,27174534.28,543869.66
SL00041,PR0047,Agent A,2026-01-24,17451442.75,521758.9
SL00042,PR0219,Agent C,2025-03-07,2349113.48,363457.57
SL00043,PR0235,Agent A,2025-12-11,22116914.82,267789.92
SL00044,PR0157,Agent C,2026-02-01,13137120.82,46565.57
SL00045,PR0102,Agent C,2025-04-10,20396501.76,343322.38
SL00046,PR0180,Agent B,2025-12-18,27343679.24,821067.42
SL00047,PR0007,Agent D,2025-11-17,45095391.25,34576.96
SL00048,PR0226,Agent D,2025-10-06,40202652.4,972498.01
SL00049,PR0055,Agent B,2026-01-01,41451125.13,898938.96
SL00050,PR0086,Agent A,2025-02-07,9200585.67,520423.31
SL00051,PR0024,Agent D,2026-07-19,43111599.92,784698.9
SL00052,PR0190,Agent B,2025-10-11,40322274.16,556965.83
SL00053,PR0238,Agent D,2026-08-27,43785934.13,875790.34
SL00054,PR0076,Agent B,2025-09-18,23520958.61,701951.38
SL00055,PR0003,Agent C,2025-04-06,8178323.72,272668.5
SL00056,PR0110,Agent B,2025-08-14,19159132.31,994948.49
SL00057,PR0199,Agent A,2025-10-21,39409167.43,786673.92
SL00058,PR0009,Agent D,2025-01-01,9682258.96,654626.69
SL00059,PR0181,Agent B,2026-06-16,45083371.78,495070.89
SL00060,PR0215,Agent D,2025-06-11,32940175.47,412296.96
SL00061,PR0187,Agent B,2026-03-12,48012295.92,731775.46
SL00062,PR0104,Agent D,2025-02-27,47914988.0,423273.9
SL00063,PR0116,Agent A,2025-06-21,10015859.33,948441.27
SL00064,PR0051,Agent B,2026-08-26,21012500.06,165227.82
SL00065,PR0068,Agent B,2025-12-09,46263550.96,882201.56
SL00066,PR0189,Agent C,2025-08-31,28550226.71,395871.07
SL00067,PR0134,Agent B,2025-03-15,9627559.86,757028.9
SL00068,PR0012,Agent A,2025-05-03,23344614.08,712848.11
SL00069,PR0185,Agent A,2025-05-02,46066553.98,575831.45
SL00070,PR0106,Agent D,2025-10-19,22848077.13,851719.64
SL00071,PR0156,Agent A,2025-04-08,48582256.13,915418.88
SL00072,PR0119,Agent D,2025-08-03,4805183.78,768445.13
SL00073,PR0147,Agent A,2026-05-24,46202602.49,299344.58
SL00074,PR0149,Agent A,2025-02-25,12869509.77,504002.6
SL00075,PR0077,Agent A,2026-03-04,48044660.62,74637.5
SL00076,PR0256,Agent D,2026-04-24,12719521.34,988904.08
SL00077,PR0255,Agent C,2026-01-03,19355231.86,600349.31
SL00078,PR0198,Agent A,2026-06-18,22784739.14,185253.97
SL00079,PR0138,Agent B,2026-01-13,1138566.83,958815.43
SL00080,PR0237,Agent D,2025-12-14,18508352.99,396992.08
SL00081,PR0071,Agent B,2025-09-04,17509256.71,565258.99
SL00082,PR0112,Agent D,2025-08-25,45820467.62,948090.75
SL00083,PR0191,Agent D,2026-09-12,11393465.74,389289.8
SL00084,PR0193,Agent B,2026-04-16,47169850.34,548047.54
SL00085,PR0156,Agent B,2025-07-28,38448936.47,380075.84
SL00086,PR0058,Agent B,2025-07-17,43273903.97,685013.42
SL00087,PR0110,Agent A,2025-06-20,14188527.02,513147.33
SL00088,PR0018,Agent C,2025-01-06,2668829.75,383387.75
SL00089,PR0001,Agent D,2026-02-10,49676424.81,505044.56
SL00090,PR0193,Agent B,2025-01-26,25188735.48,387842.44
SL00091,PR0215,Agent B,2026-07-10,28562054.0,524582.64
SL00092,PR0231,Agent D,2025-07-29,44690025.99,518591.91
SL00093,PR0029,Agent A,2026-07-16,22464952.69,602038.66
SL00094,PR0116,Agent C,2025-05-14,29076250.35,166032.95
SL00095,PR0250,Agent A,2025-10-15,14591949.96,22262.3
SL00096,PR0125,Agent B,2025-11-04,3737822.91,136764.48
SL00097,PR0198,Agent C,2025-02-18,38113933.05,280471.5
SL00098,PR0007,Agent D,2026-06-14,18973977.67,741991.9
SL00099,PR0183,Agent C,2025-03-31,33640013.1,365561.43
SL00100,PR0147,Agent A,2025-05-18,38621697.34,220226.35
SL00101,PR0041,Agent A,2025-05-26,23961980.49,896128.44
SL00102,PR0251,Agent C,2026-06-15,48712948.8,973215.34
SL00103,PR0025,Agent C,2025-03-07,42229265.16,693041.9
SL00104,PR0163,Agent A,2025-12-06,38366760.33,500601.03
SL00105,PR0207,Agent C,2026-01-06,31017493.53,489014.41
SL00106,PR0185,Agent B,2026-08-27,5735403.88,653652.25
SL00107,PR0008,Agent B,2025-02-03,9613086.32,515589.61
SL00108,PR0052,Agent D,2026-06-27,34185743.28,800756.43
SL00109,PR0205,Agent B,2026-05-13,49466917.35,928215.93
SL00110,PR0115,Agent B,2025-12-05,45444687.12,233184.87
SL00111,PR0135,Agent D,2025-06-01,37080734.61,696740.71
SL00112,PR0161,Agent B,2026-06-25,38670118.58,604689.82
SL00113,PR0134,Agent B,2025-10-02,38593352.49,951694.93
SL00114,PR0229,Agent C,2025-09-26,2755012.11,876615.73
SL00115,PR0070,Agent D,2025-08-06,28071569.19,207079.52
SL00116,PR0145,Agent C,2026-07-05,22388928.13,475550.94
SL00117,PR0218,Agent A,2026-03-08,19200548.85,625578.13
SL00118,PR0214,Agent B,2025-07-19,23910969.27,195580.04
SL00119,PR0214,Agent B,2025-08-05,45049083.52,241443.04
SL00120,PR0146,Agent C,2025-03-29,8925787.17,849431.26
SL00121,PR0252,Agent A,2025-11-12,45836122.46,137190.31
SL00122,PR0105,Agent D,2026-06-12,25451865.39,525867.63
SL00123,PR0174,Agent C,2025-06-08,28178851.81,255115.28
SL00124,PR0076,Agent C,2026-09-05,23986834.55,909654.03
SL00125,PR0149,Agent C,2026-03-05,48349175.87,295180.62
SL00126,PR0130,Agent B,2025-09-14,32049717.36,196595.0
SL00127,PR0214,Agent C,2025-11-16,10678093.89,983494.98
SL00128,PR0205,Agent D,2025-10-13,20215793.78,141365.85
SL00129,PR0242,Agent D,2025-12-27,41792439.43,666405.23
SL00130,PR0029,Agent B,2025-06-16,47852860.5,70352.09
SL00131,PR0026,Agent A,2025-06-25,8132794.6,643771.43
SL00132,PR0182,Agent B,2025-03-20,32177898.77,893129.04
SL00133,PR0199,Agent B,2026-06-30,3861492.56,511173.07
SL00134,PR0049,Agent D,2026-08-23,49118368.09,371164.89
SL00135,PR0021,Agent B,2026-09-15,41567228.12,37859.69
SL00136,PR0246,Agent A,2026-08-03,18966831.96,585982.43
SL00137,PR0214,Agent A,2026-08-03,21620078.48,870358.72
SL00138,PR0211,Agent C,2025-09-22,21534679.84,931640.16
SL00139,PR0006,Agent B,2025-06-05,4517713.88,770353.5
SL00140,PR0140,Agent C,2026-07-23,5133472.05,447129.34
SL00141,PR0070,Agent C,2025-10-14,38802325.13,977147.37
SL00142,PR0194,Agent A,2026-04-03,28607346.55,697512.99
SL00143,PR0128,Agent D,2026-01-06,48450023.05,361244.93
SL00144,PR0056,Agent D,2025-04-17,4283001.73,73451.09
SL00145,PR0178,Agent B,2025-06-21,27732419.76,216085.96
SL00146,PR0192,Agent D,2025-05-21,42640923.8,160160.42
SL00147,PR0124,Agent A,2026-04-25,30175646.7,391816.34
SL00148,PR0192,Agent C,2025-08-21,6268254.15,374835.05
SL00149,PR0123,Agent C,2025-09-03,12636297.12,644647.34
SL00150,PR0061,Agent A,2025-11-13,49921893.1,224381.45
SL00151,PR0218,Agent A,2025-08-05,25736575.23,22295.63
SL00152,PR0073,Agent A,2026-01-04,12279423.27,500292.19
SL00153,PR0137,Agent B,2025-04-14,34166829.26,900120.91
SL00154,PR0054,Agent B,2025-02-25,45774660.54,72876.35
SL00155,PR0080,Agent D,2025-03-04,41325863.46,603228.91
SL00156,PR0193,Agent B,2026-03-31,16008851.81,753462.07
SL00157,PR0101,Agent C,2025-06-10,20276097.99,126181.18
SL00158,PR0218,Agent C,2025-08-03,4773980.19,543419.06
SL00159,PR0069,Agent C,2026-09-11,18652928.2,559517.35
SL00160,PR0137,Agent A,2025-10-21,22918727.24,299740.16
SL00161,PR0219,Agent B,2026-05-14,23452499.34,862417.68
SL00162,PR0119,Agent B,2026-05-13,37486894.0,484144.57
SL00163,PR0015,Agent C,2026-02-08,21299662.34,908836.44
SL00164,PR0249,Agent D,2025-11-20,48372019.94,825522.65
SL00165,PR0223,Agent B,2026-03-05,18181967.57,453178.47
SL00166,PR0103,Agent B,2026-05-26,35702587.7,926268.88
SL00167,PR0133,Agent D,2025-06-02,5152521.54,839079.16
SL00168,PR0066,Agent A,2025-04-26,24742629.05,828381.14
SL00169,PR0001,Agent B,2026-05-11,4413205.29,760576.41
SL00170,PR0073,Agent C,2025-04-24,37195644.91,857657.39
SL00171,PR0117,Agent A,2025-10-13,34452811.68,272544.94
SL00172,PR0148,Agent C,2025-11-24,42362036.12,860929.48
SL00173,PR0016,Agent C,2026-03-03,23381733.85,419371.69
SL00174,PR0175,Agent C,2026-06-23,36039696.2,747942.72
SL00175,PR0091,Agent C,2026-05-22,18141639.08,582272.12
SL00176,PR0031,Agent B,2025-12-27,7735227.56,218565.38
SL00177,PR0250,Agent B,2025-03-03,43385590.39,630904.61
SL00178,PR0073,Agent D,2025-01-11,15984370.93,920961.19
SL00179,PR0027,Agent A,2025-05-01,34087855.82,860646.01
SL00180,PR0253,Agent D,2025-08-24,48266919.55,298210.72
SL00181,PR0042,Agent A,2025-11-02,29355473.96,740898.35
SL00182,PR0126,Agent A,2025-01-24,17542095.04,504739.19
SL00183,PR0059,Agent D,2025-08-21,34835544.86,203752.02
SL00184,PR0157,Agent B,2025-11-11,45933167.09,420573.55
SL00185,PR0233,Agent A,2026-09-14,19477358.27,308974.06
SL00186,PR0194,Agent A,2025-01-27,38803181.57,614467.25
SL00187,PR0013,Agent C,2025-01-22,20008619.99,848341.58
SL00188,PR0145,Agent A,2025-09-13,34601544.91,499242.51
SL00189,PR0167,Agent A,2026-01-03,21462768.03,44830.86
SL00190,PR0170,Agent B,2025-09-19,1959634.18,624253.12
SL00191,PR0192,Agent C,2026-05-10,7205150.8,989546.7
SL00192,PR0223,Agent B,2025-06-30,33393896.6,136878.31
SL00193,PR0043,Agent B,2025-08-31,7419738.63,168649.91
SL00194,PR0224,Agent B,2025-09-03,26896360.78,483768.34
SL00195,PR0009,Agent B,2025-05-10,13430714.44,836705.85
SL00196,PR0194,Agent C,2025-08-28,8631140.58,103748.68
SL00197,PR0161,Agent C,2026-01-17,43560143.6,282222.29
SL00198,PR0011,Agent C,2025-10-15,34328149.2,977326.38
SL00199,PR0078,Agent A,2026-04-26,4599498.28,339037.52
SL00200,PR0103,Agent C,2026-02-10,47373731.57,642286.62
SL00201,PR0217,Agent B,2026-09-10,14901789.17,340645.82
SL00202,PR0172,Agent A,2026-04-30,13065187.26,217926.45
SL00203,PR0096,Agent A,2026-05-17,15275888.86,244739.52
SL00204,PR0188,Agent A,2026-07-19,47535791.73,507295.68
SL00205,PR0224,Agent D,2025-02-15,6166635.43,685190.49
SL00206,PR0209,Agent A,2026-02-15,1432652.12,932348.69
SL00207,PR0103,Agent A,2025-04-19,40886525.82,69817.19
SL00208,PR0039,Agent B,2026-06-26,28145082.98,522225.56
SL00209,PR0251,Agent A,2025-02-16,1809779.67,673697.78
SL00210,PR0072,Agent D,2026-04-07,33041517.95,989610.14
SL00211,PR0172,Agent D,2025-07-25,34903867.56,341082.52
SL00212,PR0054,Agent D,2025-08-28,30874375.87,154189.49
SL00213,PR0017,Agent B,2025-10-17,38886094.2,403290.77
SL00214,PR0204,Agent B,2026-02-09,31997274.97,813144.8
SL00215,PR0079,Agent A,2026-04-27,13635628.34,100194.15
SL00216,PR0173,Agent A,2025-08-19,44498106.41,277647.41
SL00217,PR0154,Agent B,2025-10-24,18521793.9,762103.79
SL00218,PR0253,Agent C,2025-07-12,49789775.73,653911.0
SL00219,PR0234,Agent B,2026-08-05,7112523.69,522020.05
SL00220,PR0026,Agent D,2025-12-23,26280109.0,420538.51
SL00221,PR0083,Agent A,2025-03-27,32578910.37,57103.11
SL00222,PR0054,Agent B,2025-01-29,43132811.05,273454.34
SL00223,PR0023,Agent A,2026-04-13,41519617.2,135703.76
SL00224,PR0248,Agent A,2026-03-06,17937717.43,118438.14
SL00225,PR0150,Agent A,2025-04-11,40834760.99,179637.01
SL00226,PR0079,Agent D,2025-02-13,31000061.35,84088.37
SL00227,PR0135,Agent B,2025-02-22,5644732.69,572249.33
SL00228,PR0193,Agent C,2026-01-03,26369240.48,499081.09
SL00229,PR0021,Agent D,2026-06-20,24095083.53,939345.9
SL00230,PR0031,Agent D,2026-06-26,38939849.5,529888.97
SL00231,PR0159,Agent C,2026-08-23,39722510.37,975436.91
SL00232,PR0118,Agent B,2026-08-30,25989882.28,684150.88
SL00233,PR0157,Agent B,2026-09-12,44286106.92,805839.65
SL00234,PR0194,Agent C,2025-08-23,13928270.78,999575.07
SL00235,PR0188,Agent C,2025-11-03,11106786.45,610604.32
SL00236,PR0008,Agent D,2025-02-11,46192202.83,978136.21
SL00237,PR0010,Agent B,2025-04-15,29792416.29,851424.91
SL00238,PR0122,Agent B,2026-03-20,26301071.22,173138.79
SL00239,PR0193,Agent C,2025-11-29,8646595.31,822911.95
SL00240,PR0073,Agent D,2025-10-02,39367896.84,999055.44
SL00241,PR0133,Agent C,2026-01-09,41266802.38,169864.58
SL00242,PR0152,Agent C,2025-12-20,16115366.36,637428.98
SL00243,PR0019,Agent B,2025-09-28,8594122.35,56438.39
SL00244,PR0062,Agent B,2025-09-16,21411082.35,516216.25
SL00245,PR0253,Agent D,2026-09-13,3373366.55,386189.85
SL00246,PR0009,Agent D,2026-03-29,43373771.31,611408.37
SL00247,PR0220,Agent D,2025-07-19,42044253.56,605337.61
SL00248,PR0114,Agent A,2026-02-22,44834843.93,778009.69
SL00249,PR0145,Agent A,2026-03-10,28015528.4,156959.6
SL00250,PR0182,Agent B,2025-05-12,20528404.33,22908.22
SL00251,PR0199,Agent B,2026-02-27,15181294.91,241496.05
SL00252,PR0107,Agent B,2026-01-07,3843396.89,436501.82
SL00253,PR0149,Agent D,2025-03-02,47203644.28,784911.83
SL00254,PR0118,Agent C,2025-08-22,46970310.41,462445.18
SL00255,PR0064,Agent C,2026-05-22,43496965.05,458617.08
SL00256,PR0182,Agent C,2025-05-06,7060553.18,334421.24
SL00257,PR0065,Agent D,2026-06-25,12971581.53,641196.0
SL00258,PR0207,Agent D,2025-12-16,6686488.15,251682.76
SL00259,PR0144,Agent C,2025-01-09,20237441.44,689868.79
SL00260,PR0127,Agent D,2026-08-06,17496632.38,211031.64
SL00261,PR0199,Agent B,2026-01-14,32779290.92,621865.06
SL00262,PR0151,Agent B,2025-10-22,29098042.94,111757.69
SL00263,PR0094,Agent B,2025-08-12,1387769.99,706608.1
SL00264,PR0222,Agent A,2026-06-13,31365636.45,330119.23
SL00265,PR0079,Agent D,2026-02-02,31830398.01,386758.98
SL00266,PR0246,Agent A,2026-01-03,13131783.25,999733.0
SL00267,PR0217,Agent B,2026-06-26,33929749.17,410453.9
SL00268,PR0157,Agent A,2026-04-10,8703645.34,537859.44
SL00269,PR0144,Agent C,2025-01-26,10141220.7,277760.25
SL00270,PR0088,Agent B,2025-03-14,24106715.84,569845.12
SL00271,PR0129,Agent C,2026-05-09,11071748.02,708765.4
SL00272,PR0041,Agent B,2025-10-25,16811381.02,539328.95
SL00273,PR0253,Agent A,2025-06-23,33890925.56,517655.92
SL00274,PR0258,Agent C,2025-11-05,16694741.98,218880.1
SL00275,PR0183,Agent A,2025-07-29,37746681.19,117666.22
SL00276,PR0258,Agent A,2025-08-19,34147407.42,286478.47
SL00277,PR0053,Agent C,2025-05-15,1970123.35,281762.1
SL00278,PR0130,Agent B,2025-12-06,25051014.94,163497.57
SL00279,PR0049,Agent A,2025-02-08,38761016.12,291075.67
SL00280,PR0126,Agent B,2026-02-19,40990950.67,967641.84
SL00281,PR0195,Agent A,2025-06-25,37569061.84,315150.07
SL00282,PR0073,Agent B,2026-07-06,48555625.19,402264.09
SL00283,PR0228,Agent D,2026-04-25,14371512.98,67486.63
SL00284,PR0017,Agent C,2025-02-05,9547652.51,265888.04
SL00285,PR0027,Agent A,2025-12-14,17423061.14,433205.37
SL00286,PR0055,Agent B,2026-02-09,8143919.4,606802.4
SL00287,PR0153,Agent A,2025-09-25,1256993.18,125114.73
SL00288,PR0183,Agent C,2025-11-15,5991901.6,42022.58
SL00289,PR0155,Agent B,2026-03-11,36564235.01,331184.37
SL00290,PR0199,Agent C,2026-04-14,18555898.52,388063.32
SL00291,PR0163,Agent C,2025-01-24,48586877.92,496932.49
SL00292,PR0166,Agent B,2026-09-11,18025538.63,692433.6
SL00293,PR0128,Agent A,2025-10-01,33392720.05,952058.54
SL00294,PR0087,Agent C,2025-04-19,13999890.55,545519.38
SL00295,PR0234,Agent B,2026-02-01,26321594.81,267856.56
SL00296,PR0042,Agent D,2025-03-18,28602103.9,484056.16
SL00297,PR0002,Agent D,2025-01-29,15574964.01,793260.08
SL00298,PR0223,Agent A,2025-09-01,28215992.8,691859.79
SL00299,PR0188,Agent C,2026-02-16,19431893.45,588117.16
SL00300,PR0029,Agent D,2026-07-09,40488498.31,122282.91
SL00301,PR0098,Agent D,2026-09-19,20101485.53,270515.34
SL00302,PR0098,Agent D,2026-05-30,30934720.66,320104.04
SL00303,PR0224,Agent A,2025-11-19,47182959.73,363141.8
SL00304,PR0219,Agent B,2025-04-30,33952558.24,949655.14
SL00305,PR0233,Agent C,2025-03-25,4093209.17,122845.4
SL00306,PR0108,Agent D,2025-10-08,34359797.42,342524.16
SL00307,PR0192,Agent A,2025-10-18,26079061.95,167239.1
SL00308,PR0169,Agent C,2025-05-28,21299157.45,851393.21
SL00309,PR0156,Agent A,2025-10-05,49606290.94,66140.98
SL00310,PR0053,Agent B,2025-09-03,11299736.64,893145.99
SL00311,PR0112,Agent C,2025-04-09,14840993.44,843322.25
SL00312,PR0026,Agent B,2025-07-06,45486907.86,623651.48
SL00313,PR0187,Agent C,2025-06-09,7509202.45,968291.75
SL00314,PR0199,Agent D,2025-01-23,24389958.87,188210.46
SL00315,PR0160,Agent B,2025-07-29,12240367.91,195907.81
SL00316,PR0026,Agent A,2026-05-28,48511418.14,240945.52
SL00317,PR0097,Agent A,2026-01-03,26820226.35,562201.97
SL00318,PR0158,Agent C,2025-02-24,16808256.95,984170.81
SL00319,PR0151,Agent C,2026-01-31,24703007.62,556132.01
SL00320,PR0210,Agent A,2026-05-24,13801484.75,48763.66
SL00321,PR0013,Agent B,2025-04-10,36511030.94,551054.99
SL00322,PR0046,Agent B,2025-09-07,20115276.17,415332.01
SL00323,PR0091,Agent D,2025-07-19,13618457.52,718255.66
SL00324,PR0179,Agent D,2026-05-28,31533933.96,683705.88
SL00325,PR0156,Agent B,2025-11-30,49737171.76,944869.33
SL00326,PR0255,Agent A,2025-08-29,29984696.06,821732.98
SL00327,PR0207,Agent A,2025-09-09,17216400.98,442901.56
SL00328,PR0141,Agent A,2026-01-23,34272081.3,726165.45
SL00329,PR0136,Agent D,2025-10-19,42055537.09,640733.45
SL00330,PR0150,Agent A,2025-01-03,49312756.99,328631.86
SL00331,PR0163,Agent A,2025-09-11,16608766.34,52927.25
SL00332,PR0012,Agent D,2025-01-10,23032301.05,245787.48
SL00333,PR0105,Agent D,2025-12-28,47157787.85,453278.61
SL00334,PR0005,Agent D,2026-03-21,18791177.53,444760.84
SL00335,PR0098,Agent A,2025-01-22,47934215.2,376631.39
SL00336,PR0145,Agent A,2025-08-02,33739408.81,691575.89
SL00337,PR0074,Agent C,2025-05-19,48558194.65,394983.86
SL00338,PR0058,Agent C,2025-07-17,12644243.06,390724.8
SL00339,PR0179,Agent D,2026-02-17,18675463.88,423740.11
SL00340,PR0176,Agent D,2025-05-16,21547212.85,441913.1
SL00341,PR0126,Agent C,2026-01-05,39279871.15,855408.83
SL00342,PR0081,Agent B,2025-11-14,20208884.91,671707.0
SL00343,PR0072,Agent A,2026-03-29,8824769.19,897823.47
SL00344,PR0165,Agent B,2025-08-17,42596144.66,778198.54
SL00345,PR0137,Agent D,2025-11-13,45401113.48,997891.69
SL00346,PR0001,Agent C,2025-07-04,45429570.32,879001.27
SL00347,PR0110,Agent C,2026-08-11,21940788.36,452760.6
SL00348,PR0034,Agent C,2026-03-09,49908967.68,673598.33
SL00349,PR0009,Agent D,2025-01-17,47694516.48,135649.12
SL00350,PR0068,Agent D,2025-02-28,8369910.93,743164.64
SL00351,PR0199,Agent C,2025-02-24,17193065.6,244148.95
SL00352,PR0240,Agent C,2026-09-26,24654344.68,939851.78
SL00353,PR0157,Agent D,2025-11-25,2536443.46,493058.19
SL00354,PR0070,Agent D,2025-03-31,4160595.65,313424.24
SL00355,PR0010,Agent A,2026-03-17,19723963.65,25786.25
SL00356,PR0106,Agent B,2025-04-12,3842390.5,902344.33
SL00357,PR0011,Agent B,2025-07-15,9515247.98,59987.17
SL00358,PR0259,Agent B,2025-10-19,24458940.53,902984.68
SL00359,PR0238,Agent A,2026-06-16,20372739.25,736526.31
SL00360,PR0248,Agent A,2026-03-30,22175601.0,150335.48
SL00361,PR0061,Agent B,2025-03-12,6139290.65,91557.29
SL00362,PR0107,Agent A,2026-07-03,31977863.08,516886.41
SL00363,PR0107,Agent D,2026-05-18,28529756.09,111207.37
SL00364,PR0135,Agent A,2026-04-20,37209248.86,549123.04
SL00365,PR0183,Agent D,2026-08-18,38339729.17,378282.35
SL00366,PR0100,Agent A,2026-04-28,39707617.5,103569.24
SL00367,PR0007,Agent B,2025-07-05,33922470.36,967231.1
SL00368,PR0050,Agent A,2025-08-24,27883155.06,267019.79
SL00369,PR0170,Agent B,2026-01-04,24769340.46,303827.53
SL00370,PR0191,Agent B,2025-03-13,2471088.56,363542.12
SL00371,PR0050,Agent B,2025-05-12,30012133.2,297301.6
SL00372,PR0009,Agent D,2025-01-30,18272678.13,969683.22
SL00373,PR0238,Agent C,2025-12-17,10790092.23,543555.83
SL00374,PR0050,Agent C,2026-02-23,18421829.59,780670.98
SL00375,PR0157,Agent A,2026-03-03,26962600.75,281988.27
SL00376,PR0207,Agent B,2025-05-06,16635188.49,891004.29
SL00377,PR0024,Agent B,2025-08-26,18876939.65,310582.67
SL00378,PR0115,Agent A,2025-01-22,8193136.32,968953.23
SL00379,PR0013,Agent A,2026-07-03,29644246.36,829381.34
SL00380,PR0150,Agent A,2026-09-10,29383388.58,108503.53
SL00381,PR0034,Agent A,2025-02-08,9102659.9,372432.16
SL00382,PR0231,Agent C,2026-03-13,22835961.87,554741.37
SL00383,PR0182,Agent A,2026-06-03,34180745.9,743633.16
SL00384,PR0044,Agent C,2025-06-22,35856528.19,72803.52
SL00385,PR0007,Agent C,2025-03-27,10079496.42,545181.05
SL00386,PR0184,Agent C,2026-05-29,35222712.28,134864.84
SL00387,PR0112,Agent D,2026-05-21,29014440.23,912002.81
SL00388,PR0238,Agent A,2025-10-11,36615969.48,378736.44
SL00389,PR0068,Agent A,2025-12-25,10910849.8,665530.9
SL00390,PR0104,Agent D,2026-07-10,24577953.51,985865.02
SL00391,PR0019,Agent A,2025-01-28,37494589.79,480533.76
SL00392,PR0012,Agent D,2025-04-28,49781135.29,223700.65
SL00393,PR0120,Agent C,2025-01-18,4732606.48,105458.79
SL00394,PR0254,Agent C,2026-05-21,14322665.1,587024.52
SL00395,PR0052,Agent B,2025-12-12,36318723.34,974224.27
SL00396,PR0065,Agent B,2026-05-22,40852442.81,498904.09
SL00397,PR0242,Agent D,2026-01-11,38476259.34,116266.15
SL00398,PR0080,Agent B,2026-07-28,10789155.44,708031.18
SL00399,PR0162,Agent B,2026-09-05,46208531.2,696586.91
SL00400,PR0130,Agent C,2025-11-12,34979806.21,468784.91
SL00401,PR0051,Agent C,2025-03-05,25862315.11,807348.14
SL00402,PR0047,Agent D,2026-03-20,37442568.77,547512.51
SL00403,PR0052,Agent D,2025-06-13,33149891.88,29074.61
SL00404,PR0105,Agent C,2025-11-29,26462818.01,358032.18
SL00405,PR0246,Agent D,2025-05-03,33926060.53,939421.69
SL00406,PR0242,Agent C,2026-09-06,31900463.46,286052.93
SL00407,PR0164,Agent A,2025-12-27,38577560.71,817116.19
SL00408,PR0228,Agent A,2025-03-02,20589947.41,923537.5
SL00409,PR0029,Agent A,2025-10-04,20433469.05,490451.74
SL00410,PR0168,Agent C,2025-11-12,34609030.92,108687.07
SL00411,PR0024,Agent A,2026-03-30,22085046.29,670530.86
SL00412,PR0174,Agent B,2025-12-14,20011719.21,465207.72
SL00413,PR0140,Agent C,2026-03-28,1465063.62,666031.16
SL00414,PR0172,Agent B,2025-06-03,21806481.56,482538.65
SL00415,PR0050,Agent B,2026-09-28,49040819.43,868471.72
SL00416,PR0106,Agent A,2026-01-12,13187502.87,792536.25
SL00417,PR0203,Agent D,2025-05-02,2861659.18,251881.7
SL00418,PR0069,Agent D,2026-02-04,2377163.96,402908.98
SL00419,PR0136,Agent D,2025-02-05,7348840.69,95928.98
