property_id,property_type,city,locality,owner_type
PR0001,Office,Delhi,South,Company
PR0002,Villa,Pune,South,Company
PR0003,Office,Bangalore,West,Builder
PR0004,Shop,Mumbai,West,Individual
PR0005,Plot,Bangalore,Central,Company
PR0006,Villa,Patna,Central,Individual
PR0007,Villa,Delhi,East,Builder
PR0008,Apartment,Pune,West,Builder
PR0009,Villa,Pune,Central,Company
PR0010,Apartment,Mumbai,North,Individual
PR0011,Office,Patna,Central,Individual
PR0012,Apartment,Delhi,East,Builder
PR0013,Villa,Delhi,West,Company
PR0014,Apartment,Mumbai,South,Builder
PR0015,Plot,Mumbai,West,Individual
PR0016,Villa,Bangalore,East,Company
PR0017,Plot,Mumbai,North,Builder
PR0018,Apartment,Pune,Central,Builder
PR0019,Villa,Patna,North,Company
PR0020,Office,Delhi,Central,Builder
PR0021,Shop,Mumbai,South,Builder
PR0022,Apartment,Pune,North,Builder
PR0023,Shop,Bangalore,West,Builder
PR0024,Shop,Bangalore,Central,Company
PR0025,Office,Delhi,Central,Builder
PR0026,Shop,Bangalore,West,Individual
PR0027,Villa,Bangalore,East,Individual
PR0028,Plot,Pune,East,Builder
PR0029,Plot,Mumbai,South,Company
PR0030,Apartment,Mumbai,West,Company
PR0031,Shop,Delhi,South,Company
PR0032,Plot,Mumbai,East,Individual
PR0033,Apartment,Pune,West,Builder
PR0034,Office,Delhi,Central,Builder
PR0035,Shop,Patna,Central,Builder
PR0036,Villa,Delhi,West,Builder
PR0037,Shop,Delhi,South,Individual
PR0038,Shop,Bangalore,East,Individual
PR0039,Villa,Mumbai,Central,Individual
PR0040,Plot,Patna,North,Builder
PR0041,Office,Bangalore,West,Company
PR0042,Apartment,Patna,West,Individual
PR0043,Apartment,Patna,North,Company
PR0044,Plot,Patna,North,Company
PR0045,Office,Delhi,East,Individual
PR0046,Villa,Pune,East,Individual
PR0047,Plot,Delhi,West,Individual
PR0048,Office,Patna,South,Company
PR0049,Shop,Patna,South,Individual
PR0050,Office,Bangalore,South,Builder
PR0051,Plot,Patna,Central,Builder
PR0052,Shop,Bangalore,North,Individual
PR0053,Apartment,Delhi,West,Individual
PR0054,Shop,Mumbai,West,Builder
PR0055,Office,Mumbai,Central,Individual
PR0056,Office,Mumbai,North,Company
PR0057,Office,Patna,East,Company
PR0058,Apartment,Delhi,North,Individual
PR0059,Apartment,Mumbai,West,Builder
PR0060,Villa,Patna,East,Builder
PR0061,Villa,Bangalore,Central,Individual
PR0062,Shop,Delhi,West,Individual
PR0063,Plot,Mumbai,Central,Individual
PR0064,Plot,Bangalore,North,Individual
PR0065,Apartment,Pune,North,Builder
PR0066,Office,Bangalore,West,Builder
PR0067,Plot,Pune,Central,Company
PR0068,Office,Patna,Central,Builder
PR0069,Shop,Pune,West,Individual
PR0070,Villa,Mumbai,South,Company
PR0071,Office,Pune,North,Builder
PR0072,Plot,Pune,West,Individual
PR0073,Apartment,Delhi,North,Company
PR0074,Plot,Bangalore,West,Company
PR0075,Plot,Delhi,North,Individual
PR0076,Villa,Patna,West,Individual
PR0077,Office,Patna,East,Builder
PR0078,Plot,Pune,West,Company
PR0079,Apartment,Delhi,East,Company
PR0080,Villa,Mumbai,East,Company
PR0081,Villa,Mumbai,North,Company
PR0082,Plot,Delhi,East,Company
PR0083,Apartment,Delhi,West,Builder
PR0084,Apartment,Pune,North,Company
PR0085,Plot,Bangalore,West,Company
PR0086,Office,Mumbai,West,Individual
PR0087,Shop,Patna,North,Builder
PR0088,Plot,Pune,West,Builder
PR0089,Villa,Delhi,South,Company
PR0090,Shop,Bangalore,East,Builder
PR0091,Villa,Mumbai,East,Individual
PR0092,Office,Mumbai,East,Builder
PR0093,Shop,Mumbai,North,Individual
PR0094,Office,Bangalore,South,Company
PR0095,Shop,Patna,North,Individual
PR0096,Plot,Delhi,North,Individual
PR0097,Villa,Pune,Central,Company
PR0098,Villa,Bangalore,East,Builder
PR0099,Apartment,Mumbai,Central,Company
PR0100,Office,Bangalore,South,Individual
PR0101,Office,Mumbai,South,Builder
PR0102,Office,Mumbai,South,Builder
PR0103,Apartment,Pune,North,Individual
PR0104,Plot,Delhi,South,Company
PR0105,Apartment,Patna,Central,Builder
PR0106,Villa,Bangalore,Central,Company
PR0107,Plot,Mumbai,South,Builder
PR0108,Apartment,Pune,South,Company
PR0109,Apartment,Bangalore,Central,Builder
PR0110,Plot,Patna,East,Company
PR0111,Office,Pune,South,Company
PR0112,Plot,Delhi,North,Company
PR0113,Office,Mumbai,East,Company
PR0114,Shop,Mumbai,West,Individual
PR0115,Plot,Patna,South,Individual
PR0116,Plot,Mumbai,North,Individual
PR0117,Apartment,Delhi,South,Builder
PR0118,Apartment,Patna,East,Individual
PR0119,Apartment,Patna,East,Builder
PR0120,Plot,Mumbai,East,Builder
PR0121,Plot,Pune,North,Builder
PR0122,Villa,Bangalore,East,Company
PR0123,Apartment,Patna,East,Individual
PR0124,Shop,Delhi,West,Builder
PR0125,Villa,Pune,North,Individual
PR0126,Villa,Patna,North,Individual
PR0127,Office,Pune,South,Individual
PR0128,Shop,Delhi,North,Individual
PR0129,Office,Patna,South,Individual
PR0130,Villa,Bangalore,Central,Company
PR0131,Apartment,Pune,East,Individual
PR0132,Shop,Bangalore,West,Builder
PR0133,Apartment,Delhi,West,Company
PR0134,Office,Mumbai,West,Company
PR0135,Shop,Delhi,North,Company
PR0136,Plot,Mumbai,North,Company
PR0137,Apartment,Mumbai,East,Individual
PR0138,Plot,Delhi,West,Builder
PR0139,Shop,Mumbai,West,Builder
PR0140,Plot,Mumbai,East,Individual
PR0141,Shop,Pune,East,Individual
PR0142,Plot,Pune,South,Individual
PR0143,Villa,Delhi,South,Company
PR0144,Apartment,Pune,Central,Builder
PR0145,Plot,Patna,South,Builder
PR0146,Villa,Patna,North,Company
PR0147,Plot,Patna,East,Company
PR0148,Villa,Pune,North,Builder
PR0149,Villa,Mumbai,East,Individual
PR0150,Shop,Bangalore,South,Individual
PR0151,Shop,Mumbai,South,Company
PR0152,Office,Bangalore,West,Individual
PR0153,Villa,Mumbai,East,Builder
PR0154,Office,Mumbai,Central,Individual
PR0155,Shop,Mumbai,North,Individual
PR0156,Office,Patna,South,Builder
PR0157,Apartment,Patna,West,Individual
PR0158,Plot,Patna,East,Individual
PR0159,Villa,Mumbai,South,Company
PR0160,Villa,Patna,Central,Company
PR0161,Villa,Patna,East,Individual
PR0162,Plot,Mumbai,West,Individual
PR0163,Apartment,Mumbai,East,Builder
PR0164,Shop,Bangalore,Central,Builder
PR0165,Shop,Bangalore,West,Builder
PR0166,Villa,Mumbai,Central,Builder
PR0167,Office,Delhi,North,Builder
PR0168,Plot,Patna,West,Company
PR0169,Shop,Delhi,Central,Individual
PR0170,Shop,Mumbai,East,Individual
PR0171,Apartment,Pune,South,Builder
PR0172,Plot,Patna,North,Builder
PR0173,Villa,Pune,East,Company
PR0174,Villa,Pune,East,Individual
PR0175,Shop,Bangalore,Central,Company
PR0176,Plot,Delhi,West,Builder
PR0177,Shop,Patna,North,Individual
PR0178,Apartment,Pune,East,Company
PR0179,Villa,Delhi,North,Builder
PR0180,Office,Mumbai,West,Individual
PR0181,Office,Bangalore,Central,Company
PR0182,Shop,Delhi,East,Individual
PR0183,Plot,Pune,West,Individual
PR0184,Apartment,Delhi,South,Builder
PR0185,Plot,Bangalore,Central,Builder
PR0186,Apartment,Bangalore,West,Builder
PR0187,Villa,Mumbai,Central,Individual
PR0188,Villa,Bangalore,Central,Company
PR0189,Apartment,Mumbai,Central,Individual
PR0190,Office,Bangalore,North,Builder
PR0191,Shop,Pune,North,Individual
PR0192,Shop,Delhi,West,Individual
PR0193,Shop,Patna,West,Builder
PR0194,Office,Delhi,Central,Individual
PR0195,Shop,Pune,East,Individual
PR0196,Plot,Patna,South,Company
PR0197,Apartment,Pune,East,Individual
PR0198,Plot,Delhi,West,Builder
PR0199,Apartment,Pune,East,Individual
PR0200,Plot,Patna,West,Company
PR0201,Shop,Patna,West,Individual
PR0202,Office,Pune,Central,Builder
PR0203,Plot,Delhi,West,Builder
PR0204,Shop,Pune,Central,Individual
PR0205,Apartment,Delhi,North,Company
PR0206,Apartment,Pune,East,Individual
PR0207,Apartment,Pune,Central,Builder
PR0208,Shop,Mumbai,South,Individual
PR0209,Plot,Pune,West,Builder
PR0210,Plot,Delhi,South,Builder
PR0211,Villa,Bangalore,North,Builder
PR0212,Plot,Bangalore,East,Company
PR0213,Plot,Pune,Central,Individual
PR0214,Apartment,Pune,South,Company
PR0215,Villa,Patna,North,Company
PR0216,Villa,Patna,South,Builder
PR0217,Plot,Delhi,East,Individual
PR0218,Shop,Patna,South,Builder
PR0219,Plot,Delhi,West,Company
PR0220,Villa,Mumbai,West,Company
PR0221,Plot,Mumbai,North,Company
PR0222,Shop,Mumbai,East,Individual
PR0223,Shop,Pune,North,Company
PR0224,Plot,Pune,West,Company
PR0225,Plot,Mumbai,East,Company
PR0226,Villa,Delhi,West,Builder
PR0227,Office,Pune,North,Individual
PR0228,Apartment,Patna,North,Company
PR0229,Villa,Bangalore,North,Builder
PR0230,Apartment,Bangalore,West,Builder
PR0231,Villa,Pune,West,Company
PR0232,Office,Patna,East,Individual
PR0233,Office,Delhi,West,Individual
PR0234,Apartment,Mumbai,North,Company
PR0235,Office,Mumbai,West,Individual
PR0236,Villa,Pune,South,Individual
PR0237,Apartment,Delhi,West,Individual
PR0238,Plot,Mumbai,East,Company
PR0239,Office,Pune,East,Individual
PR0240,Office,Mumbai,North,Company
PR0241,Office,Patna,West,Individual
PR0242,Office,Mumbai,West,Company
PR0243,Villa,Delhi,North,Company
PR0244,Office,Delhi,South,Company
PR0245,Plot,Bangalore,West,Builder
PR0246,Apartment,Pune,Central,Builder
PR0247,Villa,Bangalore,West,Company
PR0248,Villa,Bangalore,North,Company
PR0249,Shop,Mumbai,Central,Individual
PR0250,Shop,Delhi,North,Company
PR0251,Apartment,Bangalore,East,Builder
PR0252,Plot,Mumbai,South,Individual
PR0253,Villa,Delhi,East,Individual
PR0254,Plot,Bangalore,North,Builder
PR0255,Plot,Delhi,East,Builder
PR0256,Shop,Mumbai,North,Company
PR0257,Villa,Mumbai,North,Individual
PR0258,Villa,Mumbai,Central,Builder
PR0259,Plot,Bangalore,North,Company
