reading_id,meter_id,reading_date,units_kwh,bill_amount,peak_units
R00001,M0012,2026-09-09,1501.85,23593.8,937.69
R00002,M0207,2025-03-07,3119.87,35468.69,1440.92
R00003,M0248,2025-05-12,960.83,44862.99,639.5
R00004,M0255,2025-02-03,968.54,29333.88,948.89
R00005,M0193,2026-01-05,3143.84,48568.62,1576.36
R00006,M0128,2025-08-06,4558.71,52757.81,1290.32
R00007,M0244,2025-08-23,2861.11,24523.23,1434.56
R00008,M0166,2026-08-05,3253.2,28115.39,1518.95
R00009,M0094,2025-12-05,2405.4,24155.6,114.19
R00010,M0038,2025-06-20,2886.34,31357.95,1429.25
R00011,M0193,2026-05-01,1424.15,57335.94,1593.29
R00012,M0067,2026-07-11,3988.87,19414.68,1055.27
R00013,M0171,2026-08-08,4462.13,71281.32,453.83
R00014,M0085,2025-09-05,1500.61,61693.79,794.47
R00015,M0198,2026-06-26,3272.23,40679.47,386.16
R00016,M0235,2026-01-25,4113.29,58398.69,544.31
R00017,M0129,2025-04-11,872.77,16907.1,1449.24
R00018,M0192,2025-06-25,207.78,9091.38,414.87
R00019,M0129,2025-06-10,2541.84,43710.04,181.9
R00020,M0036,2025-12-10,2935.51,67928.1,1617.18
R00021,M0234,2025-03-18,4478.28,69720.49,637.9
R00022,M0034,2026-02-28,104.96,43532.13,1650.58
R00023,M0150,2026-06-19,3102.08,60265.05,311.26
R00024,M0234,2025-02-21,4136.18,60076.25,43.4
R00025,M0173,2025-07-04,1861.18,9173.41,1629.38
R00026,M0156,2026-05-18,4848.29,35308.35,540.48
R00027,M0141,2025-10-20,4949.68,75272.78,1672.83
R00028,M0137,2025-01-02,4352.82,36413.68,71.81
R00029,M0001,2025-06-03,4768.68,43400.14,1210.68
R00030,M0232,2026-06-13,3184.42,50243.73,1902.14
R00031,M0170,2026-05-28,2844.39,42116.78,1390.0
R00032,M0144,2025-03-13,2069.7,69706.3,408.62
R00033,M0064,2026-03-16,3894.69,10851.62,1237.44
R00034,M0037,2025-08-16,2566.46,54233.52,1634.58
R00035,M0131,2026-05-10,4559.26,8617.94,1791.32
R00036,M0104,2026-02-21,2872.65,77835.61,1291.86
R00037,M0084,2025-05-19,1322.41,3991.36,1648.6
R00038,M0140,2025-12-18,605.19,38272.6,606.92
R00039,M0019,2026-03-22,2962.52,54795.79,1492.35
R00040,M0079,2025-02-02,2629.21,61354.21,313.28
R00041,M0168,2025-10-22,3819.54,63325.89,422.28
R00042,M0220,2026-04-28,211.22,45377.87,930.16
R00043,M0102,2026-05-27,1606.69,42341.26,711.84
R00044,M0152,2025-05-05,2586.09,6453.85,1314.87
R00045,M0098,2026-01-05,1036.11,33693.79,645.72
R00046,M0129,2026-03-23,3450.43,62693.69,1204.49
R00047,M0092,2025-01-21,1081.13,64765.91,1131.67
R00048,M0203,2025-05-19,2344.76,24500.52,39.91
R00049,M0192,2026-02-06,3571.17,50312.07,369.11
R00050,M0167,2025-04-21,1296.55,72146.26,1872.14
R00051,M0173,2025-07-29,1592.44,36371.11,1139.9
R00052,M0045,2025-11-29,2988.04,69351.52,272.97
R00053,M0052,2026-05-28,1452.21,12922.97,266.61
R00054,M0035,2025-12-15,876.61,8846.52,1371.02
R00055,M0219,2026-05-17,2549.08,3739.2,1940.44
R00056,M0049,2026-02-10,378.47,37307.63,654.56
R00057,M0068,2026-01-16,3639.03,69889.69,601.37
R00058,M0121,2026-09-19,4505.42,55879.61,1827.81
R00059,M0165,2025-02-07,2166.47,19258.54,1320.17
R00060,M0258,2026-05-05,4763.62,73649.53,1419.59
R00061,M0244,2025-06-19,2519.25,63627.9,489.86
R00062,M0186,2026-08-13,2128.32,54377.34,193.76
R00063,M0063,2026-09-19,1522.57,62347.84,663.55
R00064,M0011,2026-07-09,462.13,43656.26,257.07
R00065,M0185,2026-02-14,654.92,32357.78,1421.78
R00066,M0120,2025-02-25,1553.84,55375.07,616.0
R00067,M0196,2025-09-17,2442.33,11588.21,233.37
R00068,M0181,2025-10-25,3757.44,1788.83,231.25
R00069,M0055,2026-04-17,4802.78,4175.21,1851.83
R00070,M0233,2025-02-20,538.95,45964.59,309.25
R00071,M0023,2025-03-12,410.67,56375.74,1266.43
R00072,M0031,2025-06-07,722.88,60336.82,964.51
R00073,M0193,2025-01-06,4299.93,67364.79,1082.53
R00074,M0108,2026-05-15,1824.91,73580.52,1996.18
R00075,M0095,2025-10-24,1813.21,24495.11,691.89
R00076,M0146,2026-07-15,79.58,7746.87,1103.82
R00077,M0131,2026-06-07,1836.54,26722.56,1372.82
R00078,M0217,2025-08-17,4314.94,35032.72,178.96
R00079,M0052,2025-02-09,1356.62,3736.74,441.34
R00080,M0254,2025-01-02,1284.33,22044.7,150.89
R00081,M0097,2026-09-07,374.8,28102.5,924.75
R00082,M0114,2025-11-26,3086.14,56207.24,1895.33
R00083,M0024,2025-12-24,2051.68,14464.24,137.6
R00084,M0104,2025-02-18,4601.67,67115.66,107.03
R00085,M0186,2026-07-21,2143.1,68153.39,1796.82
R00086,M0162,2025-08-17,2824.01,69473.45,1805.61
R00087,M0224,2026-06-18,3328.26,32361.62,369.58
R00088,M0238,2026-04-25,1865.47,34483.09,1187.44
R00089,M0082,2026-04-05,3675.9,75284.38,1045.34
R00090,M0108,2026-01-22,2608.67,77545.37,1652.7
R00091,M0093,2026-04-11,478.52,57267.46,880.61
R00092,M0209,2025-03-30,1450.88,28354.4,1618.86
R00093,M0153,2025-06-02,2940.45,72382.56,1726.85
R00094,M0215,2026-06-26,848.44,25134.73,995.08
R00095,M0025,2025-11-07,240.05,42942.97,1841.66
R00096,M0200,2026-07-22,2245.85,26154.67,300.35
R00097,M0088,2025-05-13,871.82,11358.98,1983.71
R00098,M0251,2026-06-23,3088.58,19770.34,1952.42
R00099,M0153,2026-03-01,1766.49,46495.83,157.22
R00100,M0065,2025-12-29,3359.16,57568.2,1273.05
R00101,M0230,2026-04-10,2473.75,57886.03,1705.72
R00102,M0026,2025-04-19,4829.08,31479.13,1288.99
R00103,M0022,2025-12-28,4271.51,45017.19,432.09
R00104,M0063,2026-08-27,3517.07,67057.45,327.06
R00105,M0247,2025-01-08,310.55,38530.6,345.04
R00106,M0241,2025-06-03,2651.32,6522.16,292.69
R00107,M0138,2026-06-08,3825.86,12570.47,1856.99
R00108,M0017,2026-05-07,4792.88,23459.58,1363.19
R00109,M0015,2025-11-05,1123.0,6414.61,34.42
R00110,M0128,2026-01-23,1682.02,77875.35,1989.15
R00111,M0180,2025-03-13,225.72,36338.02,1839.41
R00112,M0001,2025-04-22,4567.38,28846.65,497.25
R00113,M0080,2025-03-08,2236.32,20585.87,360.15
R00114,M0202,2026-03-18,833.11,58070.71,1637.26
R00115,M0150,2025-07-22,3299.29,9493.92,1045.0
R00116,M0143,2025-08-14,3085.68,47172.18,53.32
R00117,M0198,2026-02-27,1341.79,78907.75,951.16
R00118,M0154,2026-06-22,3356.53,40648.76,398.55
R00119,M0090,2026-04-13,3503.91,27117.85,1786.0
R00120,M0135,2025-11-05,3403.71,48662.42,496.73
R00121,M0222,2025-02-07,2144.96,61649.49,1324.83
R00122,M0078,2025-03-24,3235.69,30939.87,1402.43
R00123,M0199,2026-09-12,1971.63,72147.13,155.96
R00124,M0059,2026-08-02,4652.96,20040.8,704.72
R00125,M0120,2025-12-31,4599.48,32121.68,939.26
R00126,M0228,2025-04-15,2748.38,48212.2,1208.23
R00127,M0241,2026-01-09,4247.7,71414.98,1053.36
R00128,M0125,2025-02-04,3034.04,2796.65,1266.13
R00129,M0161,2025-11-03,4736.57,58831.81,1393.61
R00130,M0176,2026-08-28,4612.07,12538.4,336.41
R00131,M0246,2025-07-18,4192.59,12099.02,820.43
R00132,M0012,2025-07-13,3957.29,44116.68,1513.49
R00133,M0001,2026-04-07,4936.16,45008.8,691.47
R00134,M0035,2026-08-30,1795.8,62490.65,1397.82
R00135,M0111,2026-02-13,1219.62,28370.34,436.53
R00136,M0022,2026-06-20,215.21,28281.29,374.69
R00137,M0105,2026-03-28,4945.22,1633.74,948.61
R00138,M0227,2025-05-08,2678.84,73616.85,1415.6
R00139,M0084,2025-10-25,417.75,11253.57,1267.96
R00140,M0001,2026-06-22,4151.26,53661.54,41.26
R00141,M0193,2026-04-30,3608.37,52044.56,19.77
R00142,M0131,2026-04-20,960.1,56163.53,881.03
R00143,M0027,2026-03-06,3222.32,48614.25,1168.69
R00144,M0110,2026-05-14,3099.95,67134.68,917.65
R00145,M0058,2025-01-08,2392.2,72422.38,1134.26
R00146,M0145,2026-05-30,3729.57,49418.08,1616.36
R00147,M0166,2025-10-18,2956.04,736.17,1541.16
R00148,M0236,2025-09-30,4159.54,76974.02,253.79
R00149,M0042,2026-08-19,4699.57,16017.07,1224.07
R00150,M0241,2025-01-24,3926.99,23740.61,1832.76
R00151,M0162,2026-06-25,3766.86,64775.96,129.02
R00152,M0181,2025-04-11,1548.81,70596.84,1586.32
R00153,M0133,2026-07-06,4924.14,70280.05,1224.52
R00154,M0254,2025-01-20,4815.58,8209.33,1723.1
R00155,M0135,2025-06-13,1761.74,7251.45,1793.73
R00156,M0154,2026-07-03,2154.93,52620.5,1164.64
R00157,M0250,2025-04-18,3955.88,72728.43,700.3
R00158,M0192,2026-01-06,3168.97,48376.6,1132.91
R00159,M0026,2025-11-01,2758.52,9498.97,785.06
R00160,M0012,2025-04-26,4318.5,66633.88,422.08
R00161,M0220,2025-03-04,978.98,55265.65,452.81
R00162,M0096,2025-05-09,1874.02,46577.93,365.61
R00163,M0220,2025-02-04,3101.69,8353.98,867.04
R00164,M0249,2025-12-16,1799.95,56965.72,488.83
R00165,M0245,2026-08-07,3858.22,32652.87,521.92
R00166,M0042,2025-09-04,817.34,13112.6,1230.04
R00167,M0127,2025-04-15,3510.07,65158.89,996.83
R00168,M0218,2026-08-04,3345.61,63600.09,1956.67
R00169,M0090,2025-03-10,2306.15,18596.33,930.69
R00170,M0190,2025-06-06,306.56,59412.64,1201.64
R00171,M0017,2025-10-10,897.6,43578.63,384.06
R00172,M0196,2025-04-09,1648.86,6304.14,748.82
R00173,M0158,2025-01-17,4308.21,29323.02,1460.41
R00174,M0011,2025-09-12,504.47,5659.57,636.03
R00175,M0102,2026-01-30,4818.26,68375.66,768.37
R00176,M0085,2026-01-09,3804.44,16296.99,628.38
R00177,M0232,2026-08-08,1108.63,73215.22,1338.17
R00178,M0152,2026-02-26,1596.26,22798.62,1530.96
R00179,M0240,2026-06-13,3614.24,42619.79,846.02
R00180,M0125,2026-05-18,3636.3,76366.63,1536.94
R00181,M0117,2025-03-05,1362.72,37041.68,1260.55
R00182,M0051,2025-07-21,2863.25,59257.12,1018.16
R00183,M0111,2026-07-08,2143.96,7502.73,1370.17
R00184,M0138,2025-05-13,4797.2,25676.33,1356.6
R00185,M0041,2025-06-18,1602.24,48924.01,1194.82
R00186,M0217,2026-01-04,4493.8,18139.37,134.65
R00187,M0172,2025-04-13,2087.29,69864.4,1927.04
R00188,M0130,2025-07-16,1683.36,33690.41,666.33
R00189,M0248,2025-03-21,4367.3,72600.98,472.43
R00190,M0240,2026-04-13,87.32,70228.82,1662.44
R00191,M0215,2026-06-16,3344.58,37456.01,1098.81
R00192,M0128,2025-07-04,3417.05,15483.98,1718.66
R00193,M0090,2025-08-17,3014.62,79188.56,830.23
R00194,M0036,2026-09-17,1968.06,78330.96,1717.6
R00195,M0227,2025-11-07,3146.63,50550.23,1826.47
R00196,M0165,2025-05-28,1006.12,61768.83,292.52
R00197,M0057,2025-10-13,2337.53,7375.38,104.74
R00198,M0185,2025-04-13,3042.44,64795.61,409.95
R00199,M0064,2026-08-18,3857.42,18603.35,53.06
R00200,M0044,2026-09-18,4701.96,74563.05,1755.94
R00201,M0115,2026-03-10,4324.1,49168.48,1619.62
R00202,M0209,2025-03-15,3062.32,43820.23,1634.92
R00203,M0222,2025-03-22,951.0,48406.14,1877.33
R00204,M0151,2025-01-14,2457.46,74660.42,39.57
R00205,M0007,2025-10-20,1427.09,29111.81,171.32
R00206,M0046,2026-01-30,2747.62,971.43,1839.22
R00207,M0187,2026-07-18,4646.28,72106.4,1962.5
R00208,M0146,2025-04-05,1924.76,42733.14,1860.47
R00209,M0226,2026-06-03,4603.41,33485.82,552.91
R00210,M0116,2025-07-16,1855.74,73792.64,1944.95
R00211,M0157,2025-04-07,160.04,68634.63,193.83
R00212,M0147,2026-07-12,626.06,60826.17,1498.96
R00213,M0045,2025-04-10,2533.39,19796.18,1923.17
R00214,M0032,2026-06-06,1696.49,68345.96,1436.19
R00215,M0230,2025-03-21,1160.73,2970.47,1250.41
R00216,M0231,2025-09-30,133.3,1677.55,1882.16
R00217,M0246,2026-09-22,3488.31,76999.27,1769.96
R00218,M0066,2025-03-29,4317.78,64949.76,1115.61
R00219,M0021,2025-01-31,3245.43,1181.48,1252.81
R00220,M0235,2026-01-17,2070.87,49142.96,1948.33
R00221,M0025,2026-07-23,697.42,30281.53,1579.79
R00222,M0225,2026-04-17,335.93,20833.96,316.7
R00223,M0021,2025-02-26,188.81,8317.52,1826.24
R00224,M0038,2026-07-18,210.63,2943.67,1287.43
R00225,M0241,2026-07-06,1009.5,78596.28,1301.8
R00226,M0144,2026-09-14,618.86,2066.35,599.43
R00227,M0119,2025-01-19,3960.07,62842.74,1293.9
R00228,M0136,2025-08-12,3669.64,40813.99,981.08
R00229,M0075,2025-02-24,3317.57,11710.77,748.45
R00230,M0173,2025-07-05,4180.88,22785.9,1872.59
R00231,M0067,2025-03-05,209.99,20344.72,1722.46
R00232,M0106,2026-01-18,2119.59,1706.05,900.21
R00233,M0101,2025-06-14,355.68,4867.34,281.13
R00234,M0089,2025-09-10,3734.16,58039.06,363.92
R00235,M0167,2026-04-08,3110.48,36385.41,1051.18
R00236,M0182,2025-01-15,1306.02,54565.48,373.13
R00237,M0022,2025-03-16,4563.96,42184.46,505.97
R00238,M0197,2025-09-01,2122.4,10491.4,69.14
R00239,M0255,2026-07-17,173.8,28260.14,117.54
R00240,M0042,2025-08-23,3245.22,29567.37,248.28
R00241,M0184,2025-11-12,1805.27,6738.28,1795.74
R00242,M0178,2025-02-13,294.35,2826.94,1798.89
R00243,M0114,2025-04-09,1963.22,73219.92,1467.62
R00244,M0147,2026-03-30,4543.96,77149.95,811.47
R00245,M0172,2025-02-18,1997.84,1274.94,1922.3
R00246,M0095,2025-10-23,2448.73,4634.46,1714.56
R00247,M0012,2025-08-31,939.44,13134.1,890.0
R00248,M0069,2026-06-10,2735.48,6396.04,216.16
R00249,M0197,2025-05-23,2451.84,38296.37,722.06
R00250,M0236,2026-08-17,3521.4,11281.72,1976.27
R00251,M0028,2025-04-05,376.51,33635.07,1701.56
R00252,M0200,2025-06-19,3801.02,56587.52,1137.34
R00253,M0161,2026-07-04,3862.91,77275.35,568.71
R00254,M0230,2026-05-17,3008.34,72218.65,1272.57
R00255,M0257,2026-02-19,3793.47,74361.5,679.06
R00256,M0087,2025-09-25,4645.34,14214.07,1712.56
R00257,M0021,2026-08-16,2917.4,24922.17,1063.8
R00258,M0209,2026-07-19,1261.18,22261.97,792.45
R00259,M0205,2025-05-11,237.01,9207.81,694.79
R00260,M0069,2026-06-20,1097.33,16514.76,1677.14
R00261,M0015,2025-07-22,4607.93,63761.79,1376.09
R00262,M0240,2026-01-19,3642.65,43241.05,1966.1
R00263,M0180,2025-12-18,3681.91,56417.33,845.89
R00264,M0022,2026-08-23,1904.83,44902.24,1811.01
R00265,M0128,2025-03-25,4038.64,71018.72,506.4
R00266,M0017,2025-08-13,2013.7,26750.55,268.47
R00267,M0016,2026-05-31,1663.28,48845.69,513.12
R00268,M0071,2026-04-01,1213.54,37957.93,706.5
R00269,M0046,2026-04-02,428.29,4098.37,631.29
R00270,M0154,2025-09-26,3007.39,61302.28,377.57
R00271,M0005,2025-03-11,4671.16,31385.02,1752.36
R00272,M0045,2025-12-18,4769.17,73872.7,1700.84
R00273,M0185,2025-05-16,1637.69,40443.98,150.71
R00274,M0190,2025-10-23,4552.88,4355.74,921.05
R00275,M0197,2025-03-07,3011.38,31880.65,692.48
R00276,M0080,2026-06-18,564.77,10261.14,1308.91
R00277,M0098,2025-10-13,3168.04,78224.41,1299.31
R00278,M0221,2025-06-03,914.86,50869.17,597.27
R00279,M0136,2025-12-19,716.94,23863.44,1898.3
R00280,M0017,2026-02-25,1499.61,40584.34,13.3
R00281,M0020,2026-07-01,3132.15,69171.74,1573.81
R00282,M0025,2026-06-16,2212.44,79869.45,1518.44
R00283,M0188,2025-01-29,2124.49,30459.51,676.85
R00284,M0029,2026-03-12,4059.5,37045.03,394.66
R00285,M0128,2025-06-07,2030.52,6902.23,532.76
R00286,M0175,2026-06-18,4939.75,6256.89,1353.86
R00287,M0093,2025-06-06,2637.52,9100.59,759.73
R00288,M0250,2026-02-21,3790.21,42386.41,917.41
R00289,M0182,2025-09-30,1745.66,72069.79,921.58
R00290,M0206,2025-10-13,1944.29,71582.72,1637.36
R00291,M0236,2026-04-08,2417.65,43195.42,296.04
R00292,M0048,2026-06-27,4293.52,40534.45,158.54
R00293,M0085,2026-01-09,4573.6,55549.18,635.04
R00294,M0021,2026-09-15,4170.35,67162.09,741.32
R00295,M0200,2025-09-02,581.49,24728.38,579.9
R00296,M0107,2025-07-01,3589.37,76115.23,1807.34
R00297,M0095,2026-02-07,1234.03,36750.41,1852.88
R00298,M0251,2025-11-11,4623.29,1622.32,1316.14
R00299,M0249,2025-12-27,1603.97,67112.13,1611.95
R00300,M0106,2026-01-23,532.87,15754.78,710.55
R00301,M0203,2025-02-11,508.54,31878.08,416.22
R00302,M0101,2025-09-09,2861.49,1662.28,1390.55
R00303,M0237,2026-06-15,100.71,70700.91,1113.91
R00304,M0155,2025-11-09,2673.08,17555.13,1312.92
R00305,M0035,2025-07-21,791.58,32899.68,1801.03
R00306,M0068,2026-07-04,3239.16,35766.57,868.34
R00307,M0163,2025-09-18,1223.67,28730.49,1152.6
R00308,M0194,2025-09-16,2001.15,73103.65,123.69
R00309,M0140,2026-04-17,1592.91,8887.91,787.4
R00310,M0090,2026-01-21,3473.59,58646.9,656.35
R00311,M0084,2026-01-07,3324.29,49187.55,644.84
R00312,M0170,2026-08-05,2279.2,34177.85,1442.93
R00313,M0018,2026-07-24,2795.04,59579.77,855.03
R00314,M0114,2025-04-11,3959.55,7327.04,1200.16
R00315,M0155,2025-03-11,2231.93,15233.17,1211.96
R00316,M0051,2026-09-30,305.46,64770.63,457.82
R00317,M0252,2026-06-15,3356.2,25312.44,234.61
R00318,M0027,2025-12-03,1696.74,31648.46,1148.87
R00319,M0041,2026-06-25,1282.92,28221.39,649.03
R00320,M0047,2025-04-27,3662.42,50940.94,980.54
R00321,M0030,2025-01-27,1190.24,39975.05,1899.38
R00322,M0134,2026-01-24,218.75,34639.74,1635.09
R00323,M0099,2026-07-22,818.08,6334.13,539.71
R00324,M0225,2026-06-12,4834.18,71797.41,1486.33
R00325,M0035,2026-03-03,3869.92,11199.27,1442.48
R00326,M0209,2025-10-25,3038.21,30535.12,1777.64
R00327,M0180,2026-04-08,2998.63,61869.64,224.49
R00328,M0063,2026-04-23,4035.15,628.19,1099.44
R00329,M0081,2025-10-10,4713.17,27612.31,477.87
R00330,M0088,2025-01-18,1988.46,60781.61,331.86
R00331,M0187,2025-07-11,2136.39,9350.8,913.84
R00332,M0065,2026-07-22,158.06,5926.96,586.92
R00333,M0234,2025-01-08,4849.17,39463.71,1640.18
R00334,M0121,2026-07-22,4380.17,38433.18,729.97
R00335,M0153,2026-03-06,4992.6,22354.81,1674.08
R00336,M0198,2025-09-30,3496.63,44505.79,456.92
R00337,M0086,2026-05-10,118.0,14876.31,971.74
R00338,M0169,2025-04-19,2623.37,53477.59,1615.52
R00339,M0201,2026-04-01,2348.48,13633.08,678.83
R00340,M0025,2025-06-09,2145.85,36668.8,1944.6
R00341,M0134,2026-02-06,1890.57,2175.26,736.04
R00342,M0205,2025-09-14,2161.33,11470.58,770.93
R00343,M0146,2025-06-27,4297.11,6594.12,1198.0
R00344,M0129,2026-06-03,2786.57,51703.78,1178.76
R00345,M0185,2025-02-05,4478.94,53967.22,160.43
R00346,M0252,2026-01-13,1638.88,71575.29,1564.4
R00347,M0031,2025-12-22,1169.37,50699.43,1748.01
R00348,M0132,2025-05-04,3513.95,45346.29,69.02
R00349,M0159,2026-06-01,4282.06,29970.49,802.31
R00350,M0251,2026-06-15,2715.83,50597.73,1398.13
R00351,M0157,2026-01-08,848.52,23861.38,1683.01
R00352,M0179,2025-01-12,4901.12,39440.6,1802.83
R00353,M0112,2025-07-04,354.59,67394.86,64.28
R00354,M0119,2026-03-21,3498.09,29648.98,647.45
R00355,M0187,2025-05-12,4062.16,61347.39,1996.09
R00356,M0020,2026-07-24,4165.69,24091.69,1124.07
R00357,M0167,2025-08-16,1438.83,26738.71,1444.17
R00358,M0039,2026-04-20,2721.87,63187.28,41.66
R00359,M0207,2025-08-29,3329.0,14388.69,1274.55
R00360,M0074,2025-08-23,1701.5,17770.87,1404.09
R00361,M0235,2026-09-20,4235.24,38147.07,1226.22
R00362,M0003,2025-04-23,3041.79,26564.39,1673.99
R00363,M0052,2026-02-15,2413.21,14689.33,1718.07
R00364,M0163,2025-02-25,1420.41,14571.73,491.23
R00365,M0058,2025-10-31,3686.0,48068.11,315.15
R00366,M0259,2026-04-10,2955.46,70520.25,588.74
R00367,M0001,2025-10-04,4407.72,73495.51,1988.75
R00368,M0114,2026-02-08,2767.8,63098.38,1944.93
R00369,M0028,2025-06-28,3001.0,44713.61,1896.61
R00370,M0229,2025-03-15,495.24,35519.64,474.99
R00371,M0107,2025-05-20,2305.68,10483.47,1487.63
R00372,M0035,2025-11-08,1317.91,56032.55,1628.27
R00373,M0174,2026-02-12,2226.58,76994.67,214.84
R00374,M0136,2026-08-01,4492.49,57884.6,791.7
R00375,M0136,2026-09-29,577.13,34572.81,364.37
R00376,M0248,2026-03-10,3345.93,33536.2,1203.68
R00377,M0134,2026-01-05,1993.96,46869.42,99.97
R00378,M0151,2025-03-11,3537.13,62060.02,1642.48
R00379,M0046,2026-05-19,346.13,36897.48,1394.56
R00380,M0132,2025-01-16,4517.93,29166.98,1667.7
R00381,M0094,2026-08-28,3362.03,11785.02,69.33
R00382,M0110,2025-07-17,476.0,62944.38,72.46
R00383,M0003,2026-01-10,3448.31,66311.83,1226.01
R00384,M0146,2025-05-27,4508.51,30677.07,836.76
R00385,M0039,2025-03-25,1055.28,62920.94,1817.7
R00386,M0056,2026-05-23,1305.32,55471.06,1090.95
R00387,M0030,2025-02-22,1504.52,5402.58,1248.98
R00388,M0131,2025-11-01,2057.76,78141.28,443.52
R00389,M0221,2026-04-09,3458.55,42971.98,163.0
R00390,M0222,2025-10-15,2223.58,78332.27,1867.19
R00391,M0217,2025-04-12,2378.66,75929.06,1953.59
R00392,M0215,2026-02-07,3567.36,7384.7,789.02
R00393,M0089,2025-09-22,1390.67,23378.23,1298.59
R00394,M0129,2025-03-24,1255.97,61423.56,1441.24
R00395,M0132,2026-09-17,993.72,9946.77,1991.29
R00396,M0135,2026-08-26,4230.08,53427.88,1316.18
R00397,M0178,2026-03-24,2839.63,28081.15,204.71
R00398,M0106,2025-05-15,4645.44,74086.69,763.04
R00399,M0168,2026-04-29,4667.87,13221.44,332.23
R00400,M0194,2026-04-28,2913.37,71113.91,907.34
R00401,M0159,2025-08-30,2038.29,75487.16,1561.22
R00402,M0252,2026-03-11,2678.94,68871.37,537.09
R00403,M0063,2025-11-10,4235.43,51559.34,1003.9
R00404,M0201,2026-07-06,1968.31,13522.38,186.25
R00405,M0185,2026-06-23,2510.86,25786.09,564.79
R00406,M0084,2026-02-06,1086.43,43866.96,265.19
R00407,M0145,2026-01-08,3107.7,66492.77,1033.4
R00408,M0072,2025-04-14,1410.47,66952.41,164.31
R00409,M0151,2026-03-04,4126.85,55872.13,98.3
R00410,M0222,2026-05-24,411.81,19244.95,1969.14
R00411,M0060,2025-03-09,2015.31,68233.24,451.64
R00412,M0244,2025-07-19,2632.5,3596.95,162.71
R00413,M0206,2026-01-16,2793.67,65119.12,673.73
R00414,M0121,2025-12-08,1112.15,29271.4,1656.98
R00415,M0247,2025-01-04,2843.19,51921.56,753.85
R00416,M0008,2026-02-20,464.74,50517.52,1019.96
R00417,M0137,2025-04-07,4280.93,61471.61,1228.48
R00418,M0161,2026-03-04,1104.53,31047.07,1544.23
R00419,M0004,2025-11-11,4500.06,46845.84,457.1
R00420,M0114,2025-11-10,2453.4,74166.68,1244.12
R00421,M0060,2025-04-28,850.71,20459.55,795.14
R00422,M0206,2025-01-14,3714.22,22130.08,1052.4
R00423,M0010,2025-04-20,3829.41,10496.52,345.07
R00424,M0111,2025-12-17,4588.23,46483.97,1473.96
R00425,M0208,2026-01-09,4459.34,69952.55,573.49
R00426,M0123,2025-07-13,3883.72,52714.97,1318.22
R00427,M0168,2025-03-03,3123.17,50512.68,1236.05
R00428,M0023,2026-09-03,1837.07,39340.85,1816.38
R00429,M0190,2026-03-19,231.81,14354.54,877.96
R00430,M0014,2026-01-06,2801.03,48502.58,1257.82
R00431,M0170,2026-04-25,4786.26,13747.97,1212.57
R00432,M0109,2026-08-30,4123.85,68270.14,1438.6
R00433,M0085,2025-04-11,654.42,72698.74,1030.36
R00434,M0209,2025-12-20,3119.57,42079.18,1838.51
R00435,M0047,2026-06-27,3032.75,45967.4,882.21
R00436,M0096,2025-12-02,1747.8,7746.28,832.29
R00437,M0063,2026-01-26,1342.72,68576.34,334.35
R00438,M0117,2026-07-11,2734.73,33163.01,1008.9
R00439,M0091,2026-04-12,476.96,51520.0,1714.07
R00440,M0124,2025-06-27,385.12,27177.16,917.22
R00441,M0063,2026-06-04,3638.84,24833.18,686.05
R00442,M0034,2025-06-03,2358.7,72577.54,608.78
R00443,M0156,2026-01-24,2668.3,10804.74,167.23
R00444,M0244,2025-10-05,1286.81,64025.57,460.59
R00445,M0101,2026-07-13,4999.68,58517.14,1644.17
R00446,M0025,2025-11-27,4065.26,8523.12,1162.53
R00447,M0102,2026-09-03,3319.55,35854.78,1960.92
R00448,M0061,2025-06-03,2419.99,36490.36,1074.87
R00449,M0008,2025-01-03,3386.44,12597.75,47.93
