exam_id,student_id,subject,exam_date,marks,attendance_pct
E00001,S0123,Statistics,2025-07-31,85.8,84.2
E00002,S0058,Java,2026-06-02,21.4,70.6
E00003,S0216,Spark,2025-07-29,78.2,68.2
E00004,S0163,Spark,2026-06-18,87.5,70.9
E00005,S0076,Statistics,2025-07-25,50.6,67.8
E00006,S0070,Python,2025-07-29,75.8,59.9
E00007,S0133,Java,2025-08-28,76.0,73.1
E00008,S0073,Spark,2026-08-13,99.5,99.2
E00009,S0048,SQL,2026-04-11,54.8,80.8
E00010,S0179,Java,2025-02-05,45.5,85.8
E00011,S0117,Python,2026-04-26,60.3,69.3
E00012,S0268,Statistics,2025-03-14,89.7,91.7
E00013,S0258,Spark,2025-01-16,72.8,62.7
E00014,S0224,Python,2026-03-22,96.3,63.8
E00015,S0090,Java,2025-03-28,54.4,60.4
E00016,S0020,Statistics,2026-02-27,48.7,68.5
E00017,S0014,Java,2025-06-02,61.1,74.9
E00018,S0238,Python,2026-03-22,57.5,70.6
E00019,S0046,Statistics,2026-08-21,50.1,91.1
E00020,S0025,SQL,2026-09-13,28.7,71.3
E00021,S0210,SQL,2025-02-28,41.1,97.4
E00022,S0096,Statistics,2025-08-20,83.6,78.5
E00023,S0161,Statistics,2025-01-06,80.9,86.5
E00024,S0203,Java,2025-03-23,75.9,96.0
E00025,S0016,Statistics,2025-03-23,75.6,96.6
E00026,S0131,Python,2025-08-11,36.0,96.1
E00027,S0140,SQL,2025-07-08,46.5,93.6
E00028,S0282,Java,2025-03-26,71.1,77.9
E00029,S0064,Statistics,2025-03-29,61.7,87.9
E00030,S0142,Python,2026-01-03,46.5,72.6
E00031,S0043,Spark,2026-01-25,25.7,99.3
E00032,S0248,SQL,2025-06-06,62.8,79.1
E00033,S0041,SQL,2025-04-20,40.0,97.8
E00034,S0014,Java,2026-09-30,98.0,93.3
E00035,S0171,Spark,2025-07-07,26.5,79.4
E00036,S0220,Statistics,2025-08-11,78.0,65.6
E00037,S0022,Java,2025-06-16,43.3,72.0
E00038,S0270,Spark,2025-04-15,31.8,68.0
E00039,S0189,SQL,2026-07-17,63.1,59.4
E00040,S0283,Spark,2025-03-04,72.6,74.6
E00041,S0072,Java,2026-09-20,89.9,60.9
E00042,S0097,Python,2026-03-02,89.1,57.1
E00043,S0064,Spark,2025-11-11,84.4,90.0
E00044,S0253,Java,2025-03-08,63.9,97.1
E00045,S0267,Statistics,2026-02-28,38.6,65.5
E00046,S0204,Statistics,2025-09-26,83.7,80.4
E00047,S0271,Statistics,2025-01-17,26.3,66.7
E00048,S0279,Spark,2026-03-07,84.4,81.7
E00049,S0120,Spark,2026-04-25,96.5,95.3
E00050,S0192,Python,2026-08-03,75.9,55.3
E00051,S0116,Statistics,2025-10-13,41.2,61.4
E00052,S0120,Statistics,2026-08-15,42.1,87.7
E00053,S0168,Python,2026-08-25,75.6,82.6
E00054,S0036,SQL,2026-09-16,72.3,62.6
E00055,S0247,Spark,2025-07-27,64.4,58.7
E00056,S0166,Statistics,2025-01-24,55.4,70.7
E00057,S0176,SQL,2025-06-17,37.2,57.5
E00058,S0267,Spark,2026-09-16,89.4,58.5
E00059,S0010,Statistics,2026-07-17,80.8,74.0
E00060,S0252,Statistics,2026-06-24,25.2,62.8
E00061,S0249,SQL,2026-04-26,93.8,61.2
E00062,S0052,Statistics,2026-08-27,22.2,58.8
E00063,S0233,Java,2025-09-27,39.9,82.4
E00064,S0256,Python,2026-06-03,55.0,84.9
E00065,S0234,Spark,2026-06-06,97.3,59.4
E00066,S0074,Java,2025-10-10,69.0,83.2
E00067,S0241,SQL,2025-06-10,40.5,95.4
E00068,S0022,Python,2026-02-01,89.2,99.7
E00069,S0120,Java,2025-02-06,53.1,70.5
E00070,S0209,Java,2026-01-04,72.6,71.3
E00071,S0058,Statistics,2025-09-11,57.5,79.3
E00072,S0272,Python,2025-11-15,88.7,81.9
E00073,S0121,SQL,2026-03-29,94.7,76.0
E00074,S0134,Spark,2025-09-16,99.1,67.9
E00075,S0204,Spark,2026-08-11,50.8,56.5
E00076,S0061,Python,2025-06-20,94.6,96.5
E00077,S0094,Statistics,2025-08-25,41.5,74.6
E00078,S0185,Statistics,2025-05-11,31.6,61.0
E00079,S0078,SQL,2025-06-08,91.0,82.4
E00080,S0231,Python,2026-02-09,64.4,55.5
E00081,S0106,Java,2025-04-30,83.1,91.8
E00082,S0151,SQL,2025-02-02,32.8,76.0
E00083,S0071,Statistics,2026-08-07,75.0,67.3
E00084,S0173,Spark,2026-07-17,46.7,70.8
E00085,S0113,SQL,2025-10-30,95.1,65.7
E00086,S0124,Statistics,2025-06-29,68.8,62.8
E00087,S0157,Spark,2025-04-08,72.9,80.3
E00088,S0199,Java,2026-04-17,67.3,98.4
E00089,S0261,Python,2025-08-29,84.2,75.8
E00090,S0141,Java,2025-02-28,24.7,59.4
E00091,S0095,SQL,2026-02-04,41.9,85.1
E00092,S0198,SQL,2025-08-25,72.8,72.1
E00093,S0109,Statistics,2025-04-30,43.1,81.1
E00094,S0278,Spark,2025-02-07,46.2,72.8
E00095,S0016,Python,2025-01-24,43.9,71.7
E00096,S0134,SQL,2026-09-28,29.4,66.6
E00097,S0146,Spark,2026-02-10,23.3,66.1
E00098,S0010,Statistics,2026-02-21,66.3,100.0
E00099,S0228,SQL,2026-01-14,96.5,98.6
E00100,S0138,Spark,2025-10-23,87.5,91.6
E00101,S0165,Java,2026-03-22,52.6,78.5
E00102,S0288,Python,2025-04-30,46.7,67.1
E00103,S0218,SQL,2026-05-19,38.6,60.0
E00104,S0268,Java,2025-01-01,21.9,81.7
E00105,S0220,Python,2025-04-15,52.2,66.2
E00106,S0147,Python,2025-08-19,81.2,56.7
E00107,S0146,Java,2025-04-26,69.6,75.6
E00108,S0060,Java,2025-01-19,43.4,70.6
E00109,S0150,Java,2026-09-16,73.3,98.1
E00110,S0268,SQL,2026-09-21,77.7,79.3
E00111,S0200,Statistics,2026-07-17,30.0,80.9
E00112,S0086,Statistics,2025-06-18,41.6,55.9
E00113,S0032,Python,2026-02-01,94.6,65.5
E00114,S0037,Statistics,2025-09-28,90.8,93.3
E00115,S0010,Python,2025-03-01,33.0,69.4
E00116,S0170,Java,2026-04-20,24.3,68.2
E00117,S0142,Statistics,2025-06-09,78.6,70.7
E00118,S0284,Statistics,2026-09-13,81.7,65.6
E00119,S0178,Spark,2025-07-08,36.5,82.3
E00120,S0249,Statistics,2025-11-21,58.4,56.0
E00121,S0253,Spark,2026-08-08,72.6,58.1
E00122,S0114,SQL,2026-06-25,30.9,96.4
E00123,S0203,Java,2026-04-14,96.7,85.7
E00124,S0143,Java,2025-10-17,37.4,98.1
E00125,S0176,SQL,2025-12-02,72.3,81.6
E00126,S0137,Statistics,2026-03-17,25.5,73.1
E00127,S0250,Spark,2025-07-10,61.4,60.4
E00128,S0285,SQL,2025-08-24,73.4,71.5
E00129,S0065,Python,2025-09-13,49.3,85.4
E00130,S0104,SQL,2025-10-25,94.2,67.2
E00131,S0157,Python,2026-02-10,38.2,87.7
E00132,S0053,Spark,2026-02-07,82.4,56.2
E00133,S0136,Java,2025-07-23,71.5,56.4
E00134,S0075,Java,2025-06-15,51.4,78.9
E00135,S0264,SQL,2025-02-11,62.8,89.4
E00136,S0114,Java,2026-04-03,23.4,62.8
E00137,S0146,SQL,2026-08-07,60.5,55.5
E00138,S0135,SQL,2026-01-05,44.7,59.3
E00139,S0280,Java,2025-03-07,73.7,60.5
E00140,S0139,Python,2026-04-30,98.6,58.6
E00141,S0193,Python,2025-11-17,87.6,84.7
E00142,S0255,Python,2025-10-31,82.1,84.0
E00143,S0103,SQL,2025-12-28,93.8,56.1
E00144,S0122,Statistics,2026-01-16,92.7,91.7
E00145,S0205,SQL,2025-05-03,74.0,86.3
E00146,S0034,Java,2025-10-15,97.9,75.5
E00147,S0257,Statistics,2025-08-14,54.6,68.2
E00148,S0258,Java,2026-08-19,92.9,81.1
E00149,S0271,SQL,2025-11-27,83.1,99.0
E00150,S0154,Python,2025-01-03,34.5,60.1
E00151,S0204,Statistics,2025-08-27,52.3,70.1
E00152,S0115,Spark,2026-01-04,67.5,90.8
E00153,S0250,Python,2026-08-25,99.7,58.3
E00154,S0271,Statistics,2025-02-09,76.8,87.8
E00155,S0069,Python,2025-01-02,79.5,61.7
E00156,S0161,Java,2025-06-30,59.7,72.2
E00157,S0124,Statistics,2026-04-30,53.8,70.8
E00158,S0269,Python,2026-08-25,31.4,96.9
E00159,S0178,Python,2025-08-25,81.6,69.6
E00160,S0166,Python,2026-04-02,41.8,87.3
E00161,S0109,Spark,2025-10-04,27.8,86.6
E00162,S0238,SQL,2025-04-16,46.9,94.5
E00163,S0027,Python,2025-08-31,54.4,96.3
E00164,S0239,SQL,2025-02-13,65.2,89.7
E00165,S0236,Python,2025-04-07,86.5,77.6
E00166,S0283,Java,2025-03-22,42.5,66.5
E00167,S0227,Statistics,2025-04-27,91.9,90.5
E00168,S0035,Python,2025-05-04,54.4,58.6
E00169,S0163,Statistics,2025-02-12,30.3,76.1
E00170,S0256,Spark,2026-09-18,74.4,59.6
E00171,S0056,Spark,2026-02-20,68.9,95.6
E00172,S0157,Spark,2025-02-23,28.2,74.3
E00173,S0277,Java,2026-09-30,23.9,80.2
E00174,S0163,SQL,2025-12-03,33.5,55.7
E00175,S0172,Statistics,2026-05-25,27.0,59.5
E00176,S0205,Java,2026-02-02,68.9,62.2
E00177,S0154,Spark,2026-01-22,20.2,74.3
E00178,S0012,Statistics,2025-05-07,99.4,88.2
E00179,S0272,Java,2025-10-30,37.6,90.2
E00180,S0128,SQL,2025-01-02,59.1,94.2
E00181,S0266,Spark,2026-03-02,71.3,81.3
E00182,S0277,SQL,2025-10-12,88.3,86.1
E00183,S0099,Statistics,2026-09-01,69.6,73.7
E00184,S0136,Java,2025-05-23,57.8,94.9
E00185,S0267,SQL,2026-05-08,50.2,72.1
E00186,S0025,SQL,2025-11-18,83.3,76.8
E00187,S0163,Spark,2025-01-18,35.7,69.7
E00188,S0088,Spark,2026-02-19,38.0,86.2
E00189,S0208,SQL,2025-04-18,74.8,94.1
E00190,S0007,Python,2026-02-22,27.5,62.2
E00191,S0145,SQL,2026-04-02,51.0,99.0
E00192,S0089,Spark,2026-02-23,65.5,67.8
E00193,S0098,SQL,2025-10-08,36.9,97.0
E00194,S0188,Python,2026-07-28,36.8,71.8
E00195,S0172,SQL,2025-08-26,51.0,92.4
E00196,S0270,Spark,2025-03-28,37.1,70.3
E00197,S0111,Spark,2025-05-05,81.1,77.1
E00198,S0160,Spark,2026-08-31,73.4,92.2
E00199,S0192,Spark,2025-01-29,51.0,71.5
E00200,S0136,Spark,2025-12-04,79.3,90.4
E00201,S0245,SQL,2025-03-22,52.6,76.5
E00202,S0219,SQL,2025-12-04,36.5,57.4
E00203,S0269,Python,2025-01-31,33.5,80.2
E00204,S0015,SQL,2025-10-23,89.0,79.8
E00205,S0025,Java,2025-03-12,43.0,61.3
E00206,S0045,Spark,2025-04-08,89.0,68.2
E00207,S0147,SQL,2026-05-07,38.2,85.4
E00208,S0211,SQL,2026-05-08,67.8,62.2
E00209,S0137,SQL,2025-05-17,83.7,71.5
E00210,S0226,Python,2026-01-11,91.6,65.7
E00211,S0018,Python,2025-05-20,76.7,62.9
E00212,S0228,SQL,2025-12-21,78.8,79.5
E00213,S0111,Spark,2025-06-20,31.4,75.2
E00214,S0006,Java,2025-12-28,60.7,73.1
E00215,S0200,Java,2026-01-26,68.0,78.4
E00216,S0074,Statistics,2025-07-05,52.2,79.0
E00217,S0098,Statistics,2026-01-01,35.0,99.6
E00218,S0041,Spark,2026-06-18,61.8,87.7
E00219,S0164,Python,2025-10-06,69.6,84.3
E00220,S0215,Python,2025-03-12,23.8,99.8
E00221,S0234,SQL,2025-06-15,97.4,82.7
E00222,S0273,Spark,2025-07-05,82.7,78.7
E00223,S0076,SQL,2025-07-31,27.6,61.5
E00224,S0031,Statistics,2026-03-17,85.9,99.7
E00225,S0065,Statistics,2026-05-26,71.4,70.6
E00226,S0044,Python,2025-03-03,27.5,85.0
E00227,S0189,SQL,2025-12-14,88.9,74.0
E00228,S0236,Statistics,2025-02-22,68.4,69.9
E00229,S0214,Java,2025-03-28,23.0,77.3
E00230,S0132,Java,2025-09-09,55.1,64.1
E00231,S0240,Java,2025-10-21,56.6,68.2
E00232,S0171,Statistics,2026-09-13,48.2,93.2
E00233,S0233,Java,2026-04-08,88.2,82.5
E00234,S0242,SQL,2026-01-05,87.1,92.1
E00235,S0102,SQL,2025-07-30,41.2,96.3
E00236,S0153,Python,2026-05-13,77.0,60.3
E00237,S0254,Python,2025-11-07,97.0,98.3
E00238,S0094,SQL,2026-07-16,34.8,81.0
E00239,S0238,Spark,2025-03-06,26.6,95.6
E00240,S0101,Spark,2025-07-13,89.7,80.8
E00241,S0092,Statistics,2025-11-23,42.5,80.5
E00242,S0278,Java,2026-08-09,27.1,78.3
E00243,S0153,Python,2026-08-26,83.9,85.6
E00244,S0169,SQL,2025-01-21,61.6,79.9
E00245,S0242,Java,2026-06-16,47.5,95.2
E00246,S0093,Spark,2025-03-25,99.9,75.3
E00247,S0166,SQL,2026-07-22,99.8,57.4
E00248,S0291,Statistics,2025-05-08,32.4,69.6
E00249,S0157,Statistics,2026-06-15,28.5,60.9
E00250,S0132,Python,2025-05-07,99.5,98.4
E00251,S0237,SQL,2026-02-11,43.8,90.8
E00252,S0043,Java,2025-11-13,69.2,92.4
E00253,S0143,Spark,2026-07-22,47.6,92.2
E00254,S0282,Spark,2025-04-20,68.2,74.5
E00255,S0126,Statistics,2026-08-03,97.3,74.4
E00256,S0196,Python,2026-01-03,98.2,84.6
E00257,S0199,Spark,2025-04-28,33.9,72.3
E00258,S0089,Statistics,2025-04-12,52.6,70.5
E00259,S0182,Python,2026-07-09,55.0,67.0
E00260,S0155,Java,2026-01-17,98.8,85.2
E00261,S0058,SQL,2025-07-21,96.5,86.8
E00262,S0254,Spark,2026-05-19,62.9,85.3
E00263,S0141,SQL,2026-03-17,32.8,93.7
E00264,S0007,Java,2026-03-30,82.8,98.2
E00265,S0268,SQL,2026-05-26,30.6,59.2
E00266,S0136,Spark,2026-07-03,25.4,64.6
E00267,S0263,Java,2026-05-11,50.7,60.3
E00268,S0005,Statistics,2026-03-30,21.4,77.6
E00269,S0282,Java,2025-10-16,35.6,70.3
E00270,S0146,Java,2025-12-08,29.9,75.7
E00271,S0228,Python,2026-08-05,76.1,85.7
E00272,S0266,Statistics,2026-01-10,88.9,76.2
E00273,S0126,Statistics,2026-03-09,77.6,62.5
E00274,S0061,Statistics,2026-09-23,78.0,76.1
E00275,S0123,Statistics,2025-03-23,96.1,57.3
E00276,S0262,Python,2025-01-27,48.5,68.2
E00277,S0268,Python,2025-01-07,51.2,56.5
E00278,S0260,Java,2026-02-10,20.1,85.3
E00279,S0159,Python,2026-05-18,43.4,67.0
E00280,S0284,Python,2026-04-16,48.6,60.2
E00281,S0233,Python,2026-06-22,29.1,56.0
E00282,S0040,Java,2025-10-20,38.9,83.6
E00283,S0194,Spark,2026-07-28,84.5,61.8
E00284,S0138,Spark,2025-09-01,80.8,78.6
E00285,S0144,SQL,2025-12-22,27.2,86.4
E00286,S0053,Python,2025-11-22,42.5,96.0
E00287,S0236,Statistics,2026-01-25,35.0,66.3
E00288,S0026,Java,2026-09-21,74.7,71.3
E00289,S0118,Java,2025-01-07,45.6,72.4
E00290,S0292,Statistics,2025-02-14,69.3,79.3
E00291,S0187,SQL,2025-07-02,91.7,62.7
E00292,S0115,SQL,2025-02-04,84.2,97.0
E00293,S0230,Spark,2025-07-03,21.4,98.0
E00294,S0238,Statistics,2025-07-17,55.3,69.0
E00295,S0280,Spark,2026-09-18,55.5,87.4
E00296,S0243,Spark,2025-10-05,88.9,98.1
E00297,S0151,Python,2025-11-23,74.3,91.4
E00298,S0153,Statistics,2026-02-12,51.8,66.0
E00299,S0179,Spark,2026-07-12,76.2,92.2
E00300,S0147,Spark,2026-03-27,97.0,88.3
E00301,S0136,SQL,2025-10-25,98.6,96.7
E00302,S0084,Python,2026-04-03,21.9,66.6
E00303,S0025,SQL,2025-10-28,97.0,69.4
E00304,S0109,Statistics,2026-01-02,41.1,81.6
E00305,S0029,Statistics,2025-01-22,34.7,99.2
E00306,S0299,Java,2025-06-12,59.1,84.0
E00307,S0201,SQL,2025-09-30,89.5,72.0
E00308,S0236,Python,2026-09-22,37.6,93.0
E00309,S0074,Statistics,2025-11-14,31.6,62.9
E00310,S0257,SQL,2025-05-25,46.1,62.4
E00311,S0240,SQL,2026-08-12,88.2,85.3
E00312,S0062,Statistics,2026-09-10,68.6,73.6
E00313,S0216,SQL,2025-02-12,95.7,71.2
E00314,S0287,Java,2025-06-24,71.9,90.9
E00315,S0050,Java,2025-07-17,23.1,96.3
E00316,S0299,SQL,2025-09-03,30.3,69.6
E00317,S0103,Java,2025-12-08,45.0,63.7
E00318,S0196,Spark,2026-09-17,38.6,78.8
E00319,S0124,Spark,2026-06-30,41.4,70.7
E00320,S0254,Statistics,2026-07-03,81.6,90.9
E00321,S0201,Java,2025-03-01,53.4,80.7
E00322,S0083,Python,2025-05-19,80.4,78.8
E00323,S0240,SQL,2026-07-30,90.3,80.3
E00324,S0050,SQL,2026-09-09,37.8,93.9
E00325,S0132,Spark,2025-11-08,62.2,92.8
E00326,S0261,Statistics,2026-08-21,26.2,82.9
E00327,S0108,Python,2025-06-29,48.3,96.2
E00328,S0216,Spark,2025-07-17,41.8,91.0
E00329,S0250,Java,2025-05-13,30.4,82.6
E00330,S0084,Statistics,2025-07-28,37.9,73.2
E00331,S0249,Spark,2025-03-21,33.4,66.7
E00332,S0255,Statistics,2025-12-25,30.6,67.5
E00333,S0048,Java,2025-08-04,35.0,59.9
E00334,S0099,Java,2025-04-04,66.4,88.2
E00335,S0199,Spark,2026-09-28,33.0,56.5
E00336,S0135,Spark,2025-09-06,81.6,93.6
E00337,S0261,Statistics,2025-09-18,52.7,65.9
E00338,S0054,Java,2026-05-15,80.4,68.6
E00339,S0133,Spark,2026-05-29,56.1,93.3
E00340,S0087,SQL,2026-08-15,27.0,72.7
E00341,S0113,Spark,2025-01-08,60.1,56.4
E00342,S0024,Python,2026-02-22,71.9,93.1
E00343,S0243,Spark,2025-08-22,56.7,69.9
E00344,S0081,Java,2026-07-19,27.2,62.5
E00345,S0272,Statistics,2025-01-14,26.4,79.8
E00346,S0252,Spark,2026-06-05,98.9,60.1
E00347,S0187,Python,2026-09-03,32.0,71.4
E00348,S0021,Spark,2026-04-03,39.5,79.0
E00349,S0105,Statistics,2026-07-21,93.0,79.2
E00350,S0139,SQL,2026-04-27,91.5,89.5
E00351,S0298,SQL,2025-01-12,71.6,55.4
E00352,S0227,Java,2026-04-06,62.4,90.4
E00353,S0096,SQL,2025-09-10,71.6,59.2
E00354,S0235,Statistics,2025-11-22,96.3,98.0
E00355,S0174,Java,2026-02-19,82.9,96.8
E00356,S0107,SQL,2025-03-29,76.8,89.2
E00357,S0079,Spark,2025-12-15,68.1,79.2
E00358,S0257,Java,2026-02-20,23.5,64.9
E00359,S0108,Python,2026-03-25,79.7,91.2
E00360,S0136,Statistics,2026-08-07,57.4,74.2
E00361,S0299,Python,2026-09-21,45.1,91.9
E00362,S0103,Python,2025-12-31,90.1,68.6
E00363,S0078,SQL,2025-11-03,51.4,55.3
E00364,S0258,Java,2026-01-17,89.3,74.2
E00365,S0054,Python,2026-07-01,25.2,88.9
E00366,S0147,Spark,2025-08-26,43.9,95.6
E00367,S0244,Python,2025-05-17,41.7,65.7
E00368,S0198,SQL,2026-01-05,47.8,95.9
E00369,S0289,Python,2025-06-22,41.3,58.6
E00370,S0247,Python,2026-07-16,29.6,59.3
E00371,S0187,Spark,2025-11-01,50.4,68.9
E00372,S0128,Python,2025-11-26,89.2,75.1
E00373,S0143,Java,2026-01-25,26.2,87.7
E00374,S0090,SQL,2026-09-18,43.9,73.2
E00375,S0127,Java,2026-04-21,87.0,89.3
E00376,S0006,Spark,2026-04-19,45.5,76.8
E00377,S0037,Spark,2026-03-02,88.3,95.2
E00378,S0240,Python,2025-09-19,83.8,90.8
E00379,S0160,Java,2026-09-26,46.2,95.8
E00380,S0273,Java,2026-07-23,65.6,87.9
E00381,S0219,Python,2025-08-13,27.8,72.2
E00382,S0028,Java,2025-08-20,99.9,72.5
E00383,S0186,Spark,2026-06-02,61.0,61.8
E00384,S0145,Python,2025-10-19,31.5,90.8
E00385,S0077,Statistics,2025-01-21,34.3,88.4
E00386,S0278,SQL,2025-10-27,62.8,62.1
E00387,S0002,Spark,2025-05-22,22.6,92.4
E00388,S0145,SQL,2026-07-17,92.0,69.0
E00389,S0181,Spark,2026-09-24,75.1,55.8
E00390,S0166,SQL,2026-07-08,63.8,64.4
E00391,S0294,Statistics,2025-02-20,80.8,63.9
E00392,S0132,Java,2026-09-27,62.5,60.3
E00393,S0281,Java,2025-11-26,24.5,76.9
E00394,S0050,Java,2026-04-22,23.9,58.4
E00395,S0278,SQL,2025-02-08,31.6,65.7
E00396,S0057,Spark,2026-05-06,84.6,58.6
E00397,S0294,SQL,2025-01-28,71.2,97.7
E00398,S0092,Java,2026-01-05,95.3,75.5
E00399,S0081,Spark,2025-03-30,71.8,79.2
E00400,S0195,Statistics,2025-06-07,29.4,55.7
E00401,S0052,Spark,2025-12-12,50.4,93.5
E00402,S0129,Statistics,2026-09-19,62.8,99.2
E00403,S0036,Python,2026-06-06,25.4,89.8
E00404,S0003,Python,2025-07-09,54.8,90.5
E00405,S0116,Python,2025-03-30,23.4,89.5
E00406,S0145,Python,2025-06-27,45.4,64.6
E00407,S0256,Python,2025-02-15,31.8,58.7
E00408,S0239,Python,2025-11-15,60.5,68.1
E00409,S0295,Python,2025-12-27,40.8,68.1
E00410,S0285,Python,2025-12-01,59.2,92.6
E00411,S0117,Python,2026-03-22,29.5,69.8
E00412,S0262,SQL,2026-01-24,97.5,93.5
E00413,S0126,Java,2026-05-13,40.1,88.3
E00414,S0075,Spark,2026-08-10,35.9,59.7
E00415,S0272,Python,2026-03-15,30.1,82.0
E00416,S0276,Spark,2026-04-01,50.7,57.5
E00417,S0263,Statistics,2025-09-20,91.1,56.2
E00418,S0275,Spark,2026-06-03,27.7,74.5
E00419,S0072,Python,2026-03-13,69.6,68.0
E00420,S0169,SQL,2025-10-21,45.5,57.6
E00421,S0077,Spark,2025-12-16,44.0,92.6
E00422,S0295,Python,2026-08-20,23.8,68.9
E00423,S0113,Python,2026-07-08,84.5,65.0
E00424,S0151,Java,2026-02-12,41.7,95.7
E00425,S0042,Python,2026-03-31,26.0,93.5
E00426,S0215,Java,2026-04-30,80.7,80.8
E00427,S0226,Java,2026-08-01,72.3,87.6
E00428,S0128,Java,2025-04-08,87.2,91.2
E00429,S0092,Statistics,2026-05-31,37.6,84.5
E00430,S0266,Spark,2025-11-28,99.4,96.6
E00431,S0226,Spark,2025-07-11,50.9,58.2
E00432,S0125,SQL,2025-01-03,54.2,96.5
E00433,S0246,Python,2025-05-26,78.2,97.9
E00434,S0134,SQL,2025-04-03,30.2,70.6
E00435,S0067,Python,2026-04-03,31.2,84.2
E00436,S0231,Statistics,2025-04-13,53.8,58.0
E00437,S0287,SQL,2025-09-05,39.6,58.2
E00438,S0197,SQL,2025-07-11,43.6,64.2
E00439,S0060,Python,2026-05-31,47.3,60.0
E00440,S0056,Spark,2025-11-29,49.5,76.5
E00441,S0236,SQL,2026-07-15,61.8,85.3
E00442,S0105,SQL,2025-01-24,40.6,61.4
E00443,S0297,Spark,2026-08-29,27.8,86.8
E00444,S0198,Python,2026-05-19,95.1,93.1
E00445,S0100,Statistics,2025-02-24,41.9,64.2
E00446,S0227,Spark,2025-09-05,20.6,84.0
E00447,S0123,SQL,2026-08-18,20.9,62.1
E00448,S0078,SQL,2026-04-16,65.3,64.6
E00449,S0124,Java,2026-02-27,47.9,99.0
E00450,S0233,Java,2025-04-25,75.5,77.9
E00451,S0095,Statistics,2025-04-22,93.4,60.4
E00452,S0087,Python,2025-06-08,88.1,94.1
E00453,S0181,Statistics,2026-08-18,36.3,57.3
E00454,S0190,Statistics,2026-01-21,54.4,100.0
E00455,S0085,Python,2025-02-22,90.8,92.0
E00456,S0223,Java,2026-07-12,92.1,89.2
E00457,S0199,Java,2025-07-23,86.8,85.7
E00458,S0250,Java,2026-06-29,77.4,91.0
E00459,S0169,Python,2025-02-16,85.7,90.1
E00460,S0071,Python,2026-09-18,35.1,95.4
E00461,S0159,Java,2025-02-24,23.2,60.7
E00462,S0232,Python,2025-01-23,92.0,63.6
E00463,S0239,Java,2026-05-29,43.7,83.1
E00464,S0108,Python,2025-03-09,73.7,55.5
E00465,S0091,Spark,2026-05-18,90.6,57.8
E00466,S0187,Spark,2026-07-15,28.2,58.4
E00467,S0063,Statistics,2025-03-14,68.1,76.6
E00468,S0203,Statistics,2026-05-22,47.5,80.3
E00469,S0050,Statistics,2025-12-19,48.0,82.9
E00470,S0199,Java,2026-04-22,29.2,73.4
E00471,S0018,Java,2025-04-17,23.7,65.0
E00472,S0260,Statistics,2026-06-12,23.2,55.7
E00473,S0194,Java,2025-10-03,93.9,55.2
E00474,S0138,Spark,2026-05-26,69.0,61.6
E00475,S0101,Spark,2026-08-15,59.0,80.1
E00476,S0072,Java,2025-07-23,46.6,57.3
E00477,S0221,Python,2026-03-28,78.2,73.3
E00478,S0163,Statistics,2025-09-17,71.5,60.1
E00479,S0020,SQL,2026-04-07,24.4,82.8
E00480,S0095,Spark,2026-09-11,74.7,98.0
E00481,S0120,Python,2026-02-07,59.8,76.3
E00482,S0160,Statistics,2025-02-03,70.2,63.6
E00483,S0219,SQL,2026-05-15,47.0,92.9
E00484,S0285,Java,2026-08-08,98.1,82.6
E00485,S0027,Java,2025-11-17,83.2,91.1
E00486,S0286,Spark,2025-08-31,93.9,99.4
E00487,S0012,Java,2025-01-26,49.1,63.2
E00488,S0269,Spark,2026-04-30,86.2,59.6
E00489,S0125,Java,2025-11-17,41.1,81.7
E00490,S0258,Spark,2025-12-19,36.2,75.8
E00491,S0055,SQL,2026-09-03,79.1,89.0
E00492,S0236,SQL,2025-10-06,25.8,68.8
E00493,S0247,Java,2026-05-21,20.2,76.8
E00494,S0242,Spark,2026-08-08,95.9,97.2
E00495,S0075,Spark,2026-04-20,29.7,64.7
E00496,S0049,SQL,2026-04-24,25.9,76.7
E00497,S0237,SQL,2026-06-23,66.0,60.4
E00498,S0088,Statistics,2025-05-15,26.4,72.7
E00499,S0044,Python,2025-07-27,31.1,93.3
E00500,S0011,Python,2026-08-05,24.9,73.6
