student_id,student_name,city,course,batch
S0001,Karan,Pune,MCA,2025
S0002,Vikas,Pune,BSc,2026
S0003,Riya,Kolkata,MCA,2024
S0004,Riya,Delhi,BSc,2024
S0005,Pooja,Pune,BSc,2024
S0006,Pooja,Pune,BTech,2025
S0007,Karan,Pune,MCA,2024
S0008,Riya,Pune,BSc,2024
S0009,Riya,Pune,BTech,2024
S0010,Neha,Pune,MCA,2026
S0011,Karan,Pune,BTech,2024
S0012,Pooja,Mumbai,BSc,2025
S0013,Riya,Pune,BCA,2025
S0014,Amit,Mumbai,BCA,2024
S0015,Karan,Pune,BTech,2024
S0016,Vikas,Mumbai,BCA,2025
S0017,Pooja,Pune,BCA,2026
S0018,Karan,Mumbai,BTech,2026
S0019,Pooja,Pune,BTech,2024
S0020,Amit,Patna,BTech,2026
S0021,Neha,Patna,BSc,2024
S0022,Karan,Mumbai,BTech,2024
S0023,Neha,Pune,BCA,2025
S0024,Karan,Patna,BCA,2026
S0025,Riya,Patna,MCA,2024
S0026,Amit,Patna,BSc,2026
S0027,Karan,Delhi,BSc,2025
S0028,Amit,Patna,MCA,2025
S0029,Vikas,Kolkata,MCA,2026
S0030,Neha,Mumbai,BSc,2025
S0031,Neha,Patna,BCA,2026
S0032,Karan,Pune,BTech,2026
S0033,Karan,Kolkata,BTech,2024
S0034,Pooja,Patna,BSc,2026
S0035,Amit,Patna,BSc,2025
S0036,Neha,Mumbai,BTech,2026
S0037,Karan,Patna,BSc,2025
S0038,Riya,Delhi,BTech,2024
S0039,Amit,Pune,BTech,2024
S0040,Amit,Mumbai,MCA,2024
S0041,Riya,Pune,BCA,2025
S0042,Amit,Kolkata,BSc,2024
S0043,Amit,Delhi,BCA,2024
S0044,Neha,Delhi,MCA,2026
S0045,Amit,Pune,BSc,2024
S0046,Neha,Pune,BCA,2026
S0047,Neha,Patna,BCA,2026
S0048,Neha,Pune,MCA,2024
S0049,Karan,Patna,BCA,2025
S0050,Karan,Pune,BTech,2025
S0051,Neha,Pune,BSc,2025
S0052,Karan,Pune,BCA,2024
S0053,Karan,Pune,BSc,2024
S0054,Vikas,Mumbai,MCA,2026
S0055,Riya,Kolkata,BTech,2026
S0056,Vikas,Kolkata,BCA,2026
S0057,Pooja,Mumbai,BCA,2024
S0058,Riya,Kolkata,BCA,2024
S0059,Karan,Mumbai,BTech,2024
S0060,Riya,Delhi,MCA,2026
S0061,Riya,Kolkata,MCA,2025
S0062,Karan,Patna,BTech,2026
S0063,Amit,Kolkata,BCA,2026
S0064,Riya,Delhi,MCA,2024
S0065,Karan,Kolkata,MCA,2024
S0066,Karan,Mumbai,MCA,2026
S0067,Karan,Pune,BTech,2024
S0068,Karan,Kolkata,BCA,2026
S0069,Pooja,Mumbai,BSc,2025
S0070,Karan,Mumbai,BSc,2026
S0071,Vikas,Kolkata,BCA,2025
S0072,Riya,Mumbai,BCA,2025
S0073,Vikas,Pune,BTech,2026
S0074,Riya,Patna,BSc,2026
S0075,Amit,Patna,MCA,2026
S0076,Amit,Pune,BTech,2025
S0077,Riya,Delhi,BSc,2026
S0078,Vikas,Delhi,BTech,2025
S0079,Vikas,Delhi,BCA,2024
S0080,Vikas,Pune,BSc,2026
S0081,Vikas,Patna,BSc,2026
S0082,Riya,Delhi,MCA,2025
S0083,Amit,Kolkata,BTech,2025
S0084,Neha,Delhi,MCA,2024
S0085,Vikas,Delhi,BSc,2026
S0086,Pooja,Kolkata,BCA,2024
S0087,Karan,Kolkata,BCA,2024
S0088,Karan,Mumbai,BSc,2025
S0089,Karan,Kolkata,BCA,2025
S0090,Amit,Patna,MCA,2026
S0091,Pooja,Kolkata,BCA,2025
S0092,Neha,Patna,MCA,2024
S0093,Neha,Patna,BCA,2024
S0094,Karan,Patna,MCA,2026
S0095,Amit,Pune,MCA,2026
S0096,Amit,Patna,MCA,2024
S0097,Riya,Pune,BCA,2026
S0098,Neha,Pune,MCA,2025
S0099,Amit,Patna,BCA,2026
S0100,Amit,Delhi,MCA,2024
S0101,Pooja,Delhi,BCA,2025
S0102,Neha,Mumbai,BTech,2026
S0103,Karan,Mumbai,BCA,2025
S0104,Amit,Patna,BCA,2026
S0105,Riya,Kolkata,BTech,2024
S0106,Pooja,Pune,BTech,2025
S0107,Pooja,Mumbai,BSc,2025
S0108,Neha,Patna,MCA,2026
S0109,Karan,Patna,BSc,2024
S0110,Karan,Mumbai,BCA,2025
S0111,Neha,Kolkata,BCA,2024
S0112,Amit,Delhi,BTech,2024
S0113,Karan,Pune,BSc,2026
S0114,Neha,Kolkata,BTech,2026
S0115,Amit,Kolkata,BTech,2026
S0116,Amit,Pune,BTech,2024
S0117,Neha,Delhi,MCA,2026
S0118,Karan,Delhi,BSc,2024
S0119,Pooja,Pune,MCA,2025
S0120,Karan,Pune,BTech,2025
S0121,Riya,Kolkata,BTech,2026
S0122,Pooja,Patna,BCA,2025
S0123,Karan,Patna,BSc,2024
S0124,Riya,Kolkata,BCA,2025
S0125,Karan,Pune,MCA,2026
S0126,Riya,Pune,BCA,2026
S0127,Vikas,Mumbai,BSc,2024
S0128,Neha,Patna,BSc,2024
S0129,Karan,Mumbai,BSc,2026
S0130,Amit,Kolkata,BTech,2025
S0131,Pooja,Mumbai,BCA,2024
S0132,Riya,Delhi,BTech,2024
S0133,Amit,Pune,BTech,2024
S0134,Neha,Mumbai,BCA,2025
S0135,Vikas,Mumbai,MCA,2026
S0136,Neha,Patna,BTech,2026
S0137,Karan,Mumbai,BSc,2024
S0138,Amit,Mumbai,BSc,2026
S0139,Vikas,Mumbai,BCA,2024
S0140,Vikas,Kolkata,MCA,2026
S0141,Karan,Patna,BTech,2025
S0142,Pooja,Mumbai,BTech,2024
S0143,Riya,Kolkata,BSc,2025
S0144,Vikas,Delhi,BTech,2025
S0145,Neha,Kolkata,MCA,2025
S0146,Vikas,Mumbai,BCA,2024
S0147,Amit,Patna,BSc,2026
S0148,Vikas,Patna,MCA,2025
S0149,Karan,Kolkata,BSc,2025
S0150,Karan,Patna,BSc,2025
S0151,Pooja,Kolkata,MCA,2025
S0152,Riya,Delhi,BCA,2024
S0153,Vikas,Mumbai,BTech,2025
S0154,Riya,Mumbai,MCA,2026
S0155,Vikas,Mumbai,MCA,2026
S0156,Pooja,Patna,MCA,2026
S0157,Riya,Kolkata,BCA,2024
S0158,Pooja,Pune,BSc,2025
S0159,Pooja,Kolkata,BCA,2025
S0160,Neha,Patna,MCA,2026
S0161,Karan,Pune,MCA,2026
S0162,Karan,Delhi,MCA,2024
S0163,Riya,Pune,BCA,2024
S0164,Amit,Patna,BCA,2025
S0165,Amit,Pune,MCA,2026
S0166,Karan,Mumbai,BTech,2024
S0167,Karan,Pune,BTech,2024
S0168,Amit,Patna,BSc,2024
S0169,Neha,Pune,BSc,2025
S0170,Neha,Kolkata,BSc,2024
S0171,Neha,Kolkata,BTech,2024
S0172,Pooja,Mumbai,MCA,2026
S0173,Pooja,Delhi,MCA,2026
S0174,Amit,Pune,BSc,2024
S0175,Riya,Delhi,MCA,2024
S0176,Neha,Pune,MCA,2025
S0177,Amit,Kolkata,BTech,2025
S0178,Amit,Delhi,BTech,2024
S0179,Pooja,Kolkata,MCA,2026
S0180,Vikas,Pune,MCA,2025
S0181,Amit,Patna,BSc,2025
S0182,Riya,Mumbai,BTech,2026
S0183,Riya,Patna,BCA,2026
S0184,Pooja,Pune,BCA,2024
S0185,Vikas,Pune,BSc,2024
S0186,Neha,Pune,BTech,2024
S0187,Pooja,Kolkata,BCA,2024
S0188,Karan,Pune,MCA,2024
S0189,Karan,Pune,BCA,2025
S0190,Neha,Kolkata,BCA,2025
S0191,Amit,Mumbai,MCA,2024
S0192,Vikas,Delhi,MCA,2025
S0193,Karan,Pune,BCA,2025
S0194,Pooja,Pune,BSc,2024
S0195,Pooja,Delhi,BTech,2024
S0196,Neha,Kolkata,BSc,2025
S0197,Pooja,Delhi,BTech,2026
S0198,Riya,Kolkata,BSc,2025
S0199,Neha,Mumbai,BCA,2026
S0200,Amit,Delhi,MCA,2025
S0201,Neha,Delhi,BSc,2025
S0202,Vikas,Delhi,BCA,2025
S0203,Pooja,Patna,BTech,2024
S0204,Karan,Delhi,BTech,2024
S0205,Amit,Pune,BSc,2026
S0206,Riya,Delhi,MCA,2025
S0207,Neha,Kolkata,MCA,2024
S0208,Pooja,Delhi,MCA,2024
S0209,Karan,Patna,BTech,2025
S0210,Amit,Kolkata,BTech,2026
S0211,Karan,Pune,BSc,2024
S0212,Neha,Kolkata,BCA,2025
S0213,Neha,Delhi,BTech,2026
S0214,Riya,Kolkata,BSc,2026
S0215,Amit,Kolkata,BCA,2024
S0216,Riya,Kolkata,BCA,2026
S0217,Vikas,Mumbai,BTech,2026
S0218,Karan,Pune,MCA,2025
S0219,Karan,Mumbai,MCA,2024
S0220,Pooja,Kolkata,BCA,2024
S0221,Neha,Mumbai,MCA,2024
S0222,Pooja,Delhi,BSc,2025
S0223,Karan,Kolkata,BCA,2025
S0224,Neha,Kolkata,BSc,2024
S0225,Pooja,Kolkata,BTech,2025
S0226,Vikas,Patna,BCA,2026
S0227,Amit,Delhi,MCA,2026
S0228,Riya,Mumbai,BTech,2024
S0229,Pooja,Delhi,BSc,2024
S0230,Vikas,Mumbai,BCA,2025
S0231,Riya,Pune,MCA,2025
S0232,Riya,Patna,MCA,2024
S0233,Vikas,Delhi,BTech,2024
S0234,Karan,Mumbai,MCA,2025
S0235,Amit,Pune,MCA,2024
S0236,Vikas,Kolkata,BCA,2024
S0237,Karan,Patna,BSc,2024
S0238,Pooja,Delhi,BSc,2024
S0239,Amit,Delhi,BCA,2026
S0240,Amit,Patna,BSc,2026
S0241,Karan,Patna,BCA,2026
S0242,Karan,Kolkata,BTech,2026
S0243,Pooja,Pune,BCA,2025
S0244,Neha,Delhi,BTech,2024
S0245,Amit,Pune,MCA,2024
S0246,Vikas,Patna,MCA,2026
S0247,Karan,Pune,BSc,2024
S0248,Neha,Patna,BSc,2025
S0249,Pooja,Mumbai,MCA,2024
S0250,Vikas,Patna,MCA,2025
S0251,Karan,Kolkata,BSc,2024
S0252,Riya,Kolkata,BSc,2026
S0253,Amit,Delhi,BTech,2025
S0254,Pooja,Kolkata,BSc,2026
S0255,Pooja,Kolkata,BSc,2025
S0256,Neha,Kolkata,BCA,2024
S0257,Karan,Patna,BCA,2024
S0258,Pooja,Mumbai,BTech,2024
S0259,Amit,Patna,MCA,2025
S0260,Karan,Mumbai,BSc,2025
S0261,Amit,Patna,BCA,2025
S0262,Amit,Delhi,MCA,2024
S0263,Amit,Kolkata,BSc,2025
S0264,Karan,Mumbai,BCA,2026
S0265,Amit,Delhi,MCA,2026
S0266,Amit,Pune,BSc,2025
S0267,Riya,Patna,BCA,2024
S0268,Neha,Mumbai,BSc,2025
S0269,Pooja,Pune,BTech,2025
S0270,Pooja,Delhi,BTech,2024
S0271,Riya,Patna,MCA,2026
S0272,Riya,Pune,BSc,2025
S0273,Amit,Mumbai,BCA,2026
S0274,Riya,Pune,BSc,2026
S0275,Amit,Delhi,BCA,2025
S0276,Riya,Patna,BCA,2025
S0277,Riya,Pune,BSc,2026
S0278,Amit,Patna,BSc,2024
S0279,Karan,Patna,MCA,2025
S0280,Karan,Patna,MCA,2025
S0281,Neha,Kolkata,BTech,2026
S0282,Karan,Patna,BSc,2024
S0283,Amit,Delhi,MCA,2026
S0284,Neha,Kolkata,BCA,2026
S0285,Amit,Patna,BSc,2024
S0286,Neha,Pune,BSc,2024
S0287,Riya,Pune,BCA,2025
S0288,Pooja,Kolkata,MCA,2026
S0289,Neha,Kolkata,MCA,2024
S0290,Vikas,Pune,MCA,2026
S0291,Pooja,Patna,MCA,2024
S0292,Amit,Delhi,MCA,2026
S0293,Pooja,Pune,BCA,2024
S0294,Vikas,Kolkata,MCA,2026
S0295,Pooja,Delhi,BSc,2025
S0296,Pooja,Kolkata,BSc,2026
S0297,Neha,Mumbai,MCA,2026
S0298,Karan,Patna,BCA,2024
S0299,Karan,Kolkata,BCA,2024
S0300,Riya,Patna,MCA,2026
