content_id,title,content_type,genre,language
C0001,Movie Night,Documentary,Action,Hindi
C0002,Movie Night,News,Drama,Hindi
C0003,Tech Talk,Movie,Comedy,English
C0004,Tech Talk,News,Comedy,English
C0005,Daily Show,Sports,News,Hindi
C0006,News Hour,Movie,Action,Tamil
C0007,Tech Talk,Movie,Drama,Hindi
C0008,Daily Show,Movie,Comedy,Telugu
C0009,Movie Night,News,Drama,Telugu
C0010,News Hour,Series,Comedy,Hindi
C0011,News Hour,News,Sports,Telugu
C0012,Tech Talk,Movie,Sports,English
C0013,Sports Live,Documentary,News,Telugu
C0014,Daily Show,Movie,Comedy,Hindi
C0015,Tech Talk,Movie,Sports,Hindi
C0016,Tech Talk,Series,Action,Tamil
C0017,Sports Live,Sports,Sports,Telugu
C0018,Tech Talk,News,Sports,Tamil
C0019,Daily Show,Documentary,Action,Hindi
C0020,Tech Talk,News,Sports,Hindi
C0021,Movie Night,Documentary,News,Tamil
C0022,Daily Show,News,Comedy,English
C0023,News Hour,Series,News,Tamil
C0024,Daily Show,Documentary,News,English
C0025,Movie Night,Sports,Comedy,English
C0026,News Hour,Movie,News,Hindi
C0027,Movie Night,Documentary,Sports,Telugu
C0028,Daily Show,Documentary,Sports,Hindi
C0029,Sports Live,Sports,Comedy,Tamil
C0030,Movie Night,Documentary,Drama,Telugu
C0031,Tech Talk,Series,News,Telugu
C0032,Sports Live,Series,Sports,Telugu
C0033,Tech Talk,Movie,News,Telugu
C0034,Movie Night,Series,Action,Telugu
C0035,Daily Show,Movie,Sports,Hindi
C0036,News Hour,Sports,Action,English
C0037,Daily Show,Sports,Action,Hindi
C0038,News Hour,News,Sports,Tamil
C0039,Movie Night,Sports,Sports,Hindi
C0040,Movie Night,Movie,News,Hindi
C0041,Sports Live,Series,Comedy,English
C0042,News Hour,Sports,Action,Hindi
C0043,Tech Talk,News,Action,Tamil
C0044,Tech Talk,News,Sports,Tamil
C0045,Daily Show,Series,News,Tamil
C0046,News Hour,News,Sports,English
C0047,Daily Show,Series,News,Hindi
C0048,Daily Show,Documentary,Drama,English
C0049,Tech Talk,Sports,Sports,English
C0050,Daily Show,Movie,Sports,Telugu
C0051,Movie Night,Documentary,Action,Hindi
C0052,Daily Show,Sports,Comedy,Telugu
C0053,Sports Live,Series,Sports,Tamil
C0054,Daily Show,Movie,Drama,Telugu
C0055,Sports Live,Documentary,News,Hindi
C0056,Daily Show,Movie,Action,Telugu
C0057,Daily Show,Series,Comedy,Telugu
C0058,Tech Talk,News,Drama,Telugu
C0059,Tech Talk,Documentary,Comedy,Hindi
C0060,Movie Night,Series,Drama,Hindi
C0061,News Hour,Series,Comedy,Telugu
C0062,Tech Talk,Movie,Action,Hindi
C0063,Sports Live,News,News,Telugu
C0064,Sports Live,Movie,Comedy,English
C0065,Movie Night,Movie,Comedy,Tamil
C0066,News Hour,Sports,Comedy,Tamil
C0067,Movie Night,Sports,Comedy,Tamil
C0068,News Hour,Documentary,Sports,English
C0069,News Hour,Series,Comedy,English
C0070,Sports Live,Documentary,News,Telugu
C0071,Sports Live,News,Drama,Telugu
C0072,Movie Night,Movie,Drama,Tamil
C0073,Movie Night,Documentary,Drama,Tamil
C0074,Tech Talk,Sports,Sports,English
C0075,Tech Talk,Series,News,Tamil
C0076,Daily Show,News,Drama,Hindi
C0077,Movie Night,News,News,Telugu
C0078,Tech Talk,Documentary,Comedy,English
C0079,Sports Live,Series,Action,Telugu
C0080,Movie Night,Sports,Action,English
C0081,Tech Talk,Documentary,Comedy,Tamil
C0082,Daily Show,Sports,News,Telugu
C0083,Tech Talk,Documentary,News,English
C0084,Daily Show,Documentary,Action,Telugu
C0085,Tech Talk,Documentary,Sports,Telugu
C0086,Tech Talk,Movie,News,Telugu
C0087,Sports Live,Series,Comedy,English
C0088,Sports Live,Series,Drama,English
C0089,Daily Show,Movie,Sports,Tamil
C0090,Movie Night,News,Sports,Tamil
C0091,Sports Live,Series,Drama,English
C0092,Sports Live,Movie,Comedy,English
C0093,Daily Show,Movie,Comedy,Tamil
C0094,Tech Talk,Series,Sports,Telugu
C0095,Sports Live,Documentary,Comedy,English
C0096,News Hour,Movie,Sports,English
C0097,Tech Talk,Movie,Sports,Tamil
C0098,Tech Talk,Sports,Action,Telugu
C0099,News Hour,Series,Comedy,Hindi
C0100,News Hour,News,Sports,Telugu
C0101,Movie Night,Movie,News,Telugu
C0102,News Hour,Sports,Sports,English
C0103,Sports Live,Sports,Comedy,Telugu
C0104,Sports Live,News,Sports,Telugu
C0105,Tech Talk,Movie,Sports,Tamil
C0106,Sports Live,Movie,News,Telugu
C0107,Sports Live,Series,Drama,Tamil
C0108,Sports Live,Documentary,Comedy,Hindi
C0109,Sports Live,Series,Sports,Tamil
C0110,Daily Show,Movie,Comedy,English
C0111,Movie Night,News,Sports,Telugu
C0112,Daily Show,Series,News,Hindi
C0113,Sports Live,Documentary,Comedy,Telugu
C0114,Sports Live,Series,Action,Tamil
C0115,Tech Talk,Sports,Comedy,English
C0116,Tech Talk,Sports,Comedy,Tamil
C0117,Movie Night,Sports,Action,Telugu
C0118,Sports Live,Sports,Sports,Telugu
C0119,Movie Night,Movie,Action,Hindi
C0120,Movie Night,Movie,Drama,Tamil
C0121,Sports Live,Sports,Action,Tamil
C0122,Daily Show,Sports,News,Telugu
C0123,Daily Show,Sports,News,Tamil
C0124,Daily Show,Movie,Action,Hindi
C0125,Movie Night,Series,News,Hindi
C0126,Tech Talk,Movie,Drama,Telugu
C0127,Tech Talk,Sports,Sports,Telugu
C0128,Tech Talk,Movie,Sports,Tamil
C0129,Movie Night,Series,Action,Hindi
C0130,Tech Talk,Series,Sports,English
C0131,News Hour,News,Drama,Telugu
C0132,Tech Talk,Sports,Comedy,Hindi
C0133,Tech Talk,Documentary,Comedy,Telugu
C0134,Tech Talk,News,News,English
C0135,News Hour,Series,Action,English
C0136,Daily Show,Documentary,Sports,Telugu
C0137,Daily Show,Movie,Drama,Tamil
C0138,News Hour,Series,News,Tamil
C0139,Tech Talk,Documentary,News,Hindi
C0140,Daily Show,News,Action,English
C0141,News Hour,Movie,News,Tamil
C0142,Sports Live,Movie,News,English
C0143,Sports Live,News,Action,Tamil
C0144,Tech Talk,Movie,Comedy,English
C0145,Sports Live,Series,Drama,Tamil
C0146,News Hour,News,Drama,Tamil
C0147,Tech Talk,Sports,Action,Tamil
C0148,Tech Talk,Series,Action,Tamil
C0149,Daily Show,News,Comedy,Tamil
C0150,Sports Live,Series,Action,Tamil
C0151,Sports Live,Sports,Action,Hindi
C0152,Movie Night,Sports,Comedy,English
C0153,Movie Night,Documentary,Action,Tamil
C0154,News Hour,Documentary,Drama,Tamil
C0155,Tech Talk,Documentary,Action,English
C0156,Sports Live,Movie,News,Telugu
C0157,Sports Live,News,News,Hindi
C0158,Sports Live,Movie,Action,English
C0159,Movie Night,News,Drama,Hindi
C0160,Tech Talk,Movie,News,Telugu
C0161,Tech Talk,Documentary,Action,Tamil
C0162,News Hour,Documentary,News,Tamil
C0163,Sports Live,Series,Sports,Tamil
C0164,News Hour,Sports,News,English
C0165,Tech Talk,Documentary,Drama,English
C0166,Movie Night,Movie,Comedy,Tamil
C0167,Tech Talk,Sports,Sports,English
C0168,Sports Live,News,Drama,Telugu
C0169,Movie Night,Movie,Comedy,Telugu
C0170,Daily Show,Series,News,Telugu
C0171,News Hour,News,News,Hindi
C0172,Sports Live,Series,News,Tamil
C0173,Tech Talk,Series,Drama,Hindi
C0174,Tech Talk,Movie,Sports,Tamil
C0175,Daily Show,Series,News,Telugu
C0176,Movie Night,News,News,Tamil
C0177,Tech Talk,Documentary,News,Hindi
C0178,News Hour,News,Action,Hindi
C0179,Movie Night,Series,Comedy,Tamil
C0180,News Hour,News,Comedy,Tamil
C0181,Sports Live,Movie,News,Tamil
C0182,News Hour,Movie,Sports,Telugu
C0183,Movie Night,News,Drama,Telugu
C0184,Tech Talk,Movie,Sports,Hindi
C0185,Movie Night,News,News,Telugu
C0186,News Hour,Movie,Drama,Hindi
C0187,Tech Talk,News,Comedy,Hindi
C0188,Daily Show,Movie,Action,Tamil
C0189,Movie Night,Series,Drama,Hindi
C0190,Sports Live,News,Comedy,Tamil
C0191,Sports Live,Documentary,Sports,Telugu
C0192,News Hour,News,Comedy,Telugu
C0193,News Hour,Series,Drama,Hindi
C0194,Tech Talk,News,News,Tamil
C0195,Movie Night,Sports,Action,Hindi
C0196,Sports Live,Series,Drama,Tamil
C0197,Tech Talk,Series,News,Tamil
C0198,Movie Night,Sports,Action,Hindi
C0199,Sports Live,Movie,Sports,Hindi
C0200,News Hour,News,News,Telugu
C0201,Tech Talk,News,Action,Hindi
C0202,Daily Show,Movie,Sports,English
C0203,Tech Talk,Sports,Comedy,Telugu
C0204,Daily Show,Series,Drama,Telugu
C0205,Daily Show,Sports,Comedy,English
C0206,Daily Show,News,Comedy,Tamil
C0207,Daily Show,News,Sports,Telugu
C0208,News Hour,Movie,Sports,Hindi
C0209,News Hour,Sports,Comedy,Telugu
C0210,Sports Live,Movie,Sports,Hindi
C0211,News Hour,Series,Drama,Telugu
C0212,Movie Night,News,Action,Tamil
C0213,Daily Show,Series,Sports,English
C0214,Sports Live,Movie,Sports,English
C0215,Tech Talk,Documentary,Drama,Tamil
C0216,Sports Live,Movie,News,Tamil
C0217,News Hour,Movie,Sports,English
C0218,Sports Live,Series,Comedy,Tamil
C0219,Daily Show,Sports,Comedy,Hindi
C0220,News Hour,Documentary,News,Tamil
C0221,Sports Live,Sports,News,Hindi
C0222,News Hour,Documentary,Action,Telugu
C0223,Daily Show,Documentary,Action,Telugu
C0224,Daily Show,Movie,Comedy,English
C0225,Tech Talk,News,Action,English
C0226,News Hour,Sports,News,Tamil
C0227,News Hour,Movie,Comedy,Hindi
C0228,Tech Talk,Sports,Sports,Tamil
C0229,News Hour,Series,Sports,English
