view_id,content_id,viewer_city,view_date,watch_minutes,ad_revenue
VW00001,C0176,Pune,2025-01-03,90.59,7696.77
VW00002,C0210,Mumbai,2025-06-10,174.67,7182.89
VW00003,C0025,Delhi,2026-02-28,257.26,9016.02
VW00004,C0098,Delhi,2026-04-27,267.2,402.53
VW00005,C0194,Kolkata,2026-04-01,131.69,4352.29
VW00006,C0012,Patna,2026-07-18,104.91,9061.68
VW00007,C0033,Pune,2025-05-10,8.15,8795.1
VW00008,C0127,Pune,2025-07-29,74.59,7574.85
VW00009,C0121,Pune,2025-09-27,235.1,9313.79
VW00010,C0054,Pune,2026-04-24,51.45,2898.64
VW00011,C0045,Kolkata,2025-02-22,203.5,5235.31
VW00012,C0191,Kolkata,2025-04-17,31.69,147.5
VW00013,C0100,Pune,2026-01-09,24.99,6031.12
VW00014,C0075,Mumbai,2025-06-09,90.17,6775.43
VW00015,C0051,Patna,2025-09-09,175.82,3900.35
VW00016,C0122,Patna,2025-07-06,66.24,7661.72
VW00017,C0161,Mumbai,2025-05-01,25.06,5421.28
VW00018,C0052,Pune,2026-02-26,36.6,6052.63
VW00019,C0103,Pune,2026-01-03,27.08,1640.54
VW00020,C0166,Kolkata,2025-02-25,133.44,7438.66
VW00021,C0037,Mumbai,2025-10-08,266.58,922.18
VW00022,C0021,Patna,2025-01-30,15.21,8124.4
VW00023,C0034,Patna,2025-06-18,50.45,7092.5
VW00024,C0199,Kolkata,2026-02-01,20.73,5324.88
VW00025,C0111,Patna,2025-01-31,83.12,488.69
VW00026,C0225,Kolkata,2025-05-10,205.39,3959.98
VW00027,C0203,Pune,2026-08-21,41.19,3598.56
VW00028,C0225,Delhi,2026-08-26,134.78,3214.29
VW00029,C0198,Pune,2026-02-03,105.3,9800.96
VW00030,C0052,Delhi,2026-01-09,92.49,9717.38
VW00031,C0011,Mumbai,2026-02-21,175.94,6235.73
VW00032,C0055,Delhi,2026-09-06,241.15,3590.57
VW00033,C0108,Mumbai,2025-02-16,40.5,5367.09
VW00034,C0098,Mumbai,2025-02-05,99.46,5639.24
VW00035,C0210,Patna,2025-06-29,175.1,701.82
VW00036,C0132,Delhi,2026-09-15,186.69,1796.74
VW00037,C0149,Pune,2026-04-30,114.34,3554.98
VW00038,C0007,Patna,2025-04-30,179.11,7844.47
VW00039,C0138,Mumbai,2025-01-10,279.89,6986.91
VW00040,C0112,Mumbai,2026-03-12,96.16,5264.83
VW00041,C0174,Patna,2025-08-18,19.82,3885.41
VW00042,C0003,Mumbai,2026-04-14,197.37,2646.51
VW00043,C0154,Kolkata,2026-08-12,133.85,1632.41
VW00044,C0169,Kolkata,2026-09-02,25.59,4278.42
VW00045,C0057,Delhi,2025-07-13,104.69,2283.67
VW00046,C0202,Pune,2026-04-22,23.08,9960.83
VW00047,C0088,Mumbai,2025-03-07,155.37,214.23
VW00048,C0013,Delhi,2026-06-27,146.4,4554.28
VW00049,C0154,Delhi,2026-05-11,63.77,2776.06
VW00050,C0087,Patna,2026-03-20,39.65,7630.65
VW00051,C0158,Mumbai,2026-03-14,97.89,4618.18
VW00052,C0096,Kolkata,2026-09-19,80.35,6596.53
VW00053,C0193,Kolkata,2026-08-01,23.52,7233.38
VW00054,C0195,Mumbai,2026-08-22,8.83,3508.41
VW00055,C0126,Patna,2026-04-08,201.25,9727.96
VW00056,C0080,Delhi,2026-06-27,35.76,1822.71
VW00057,C0151,Mumbai,2025-09-19,119.66,2478.41
VW00058,C0151,Mumbai,2025-09-18,147.82,6558.68
VW00059,C0087,Delhi,2026-01-10,154.16,1590.98
VW00060,C0019,Kolkata,2025-07-04,139.19,5287.29
VW00061,C0215,Kolkata,2025-08-06,7.64,8599.28
VW00062,C0202,Patna,2026-08-25,188.16,790.63
VW00063,C0077,Mumbai,2025-10-31,190.66,9837.9
VW00064,C0101,Delhi,2025-02-14,293.7,2600.61
VW00065,C0023,Mumbai,2025-04-18,113.23,6118.27
VW00066,C0048,Patna,2025-02-27,88.17,555.19
VW00067,C0032,Mumbai,2025-08-09,208.26,105.8
VW00068,C0129,Pune,2026-02-05,74.58,2328.13
VW00069,C0007,Kolkata,2025-04-09,23.17,2849.9
VW00070,C0160,Kolkata,2025-06-16,236.65,8845.07
VW00071,C0056,Pune,2025-12-21,63.51,4008.77
VW00072,C0001,Delhi,2025-04-12,190.1,6206.47
VW00073,C0114,Patna,2025-06-03,184.46,3930.73
VW00074,C0142,Kolkata,2025-08-02,253.22,9981.63
VW00075,C0104,Delhi,2026-02-22,113.38,9679.23
VW00076,C0043,Kolkata,2026-05-29,262.72,1533.12
VW00077,C0193,Kolkata,2026-05-13,261.61,1181.47
VW00078,C0103,Pune,2026-02-14,108.24,4209.2
VW00079,C0196,Pune,2026-07-23,149.98,7560.25
VW00080,C0107,Patna,2025-06-19,296.72,8875.0
VW00081,C0053,Pune,2025-09-21,123.63,1983.34
VW00082,C0119,Pune,2026-01-18,20.04,2246.9
VW00083,C0171,Patna,2025-01-14,8.16,1452.26
VW00084,C0226,Kolkata,2025-05-29,113.92,4986.33
VW00085,C0095,Mumbai,2026-09-10,188.13,7431.82
VW00086,C0205,Delhi,2025-09-23,226.39,6172.01
VW00087,C0185,Patna,2026-04-12,141.19,2746.95
VW00088,C0049,Delhi,2025-07-03,46.35,128.78
VW00089,C0006,Kolkata,2025-09-16,217.66,4472.93
VW00090,C0174,Pune,2025-01-05,61.8,5093.91
VW00091,C0159,Pune,2026-06-08,185.0,386.86
VW00092,C0225,Delhi,2026-08-17,33.3,1805.46
VW00093,C0130,Pune,2025-12-27,134.13,471.92
VW00094,C0049,Mumbai,2025-08-22,175.11,5956.98
VW00095,C0048,Kolkata,2026-01-24,294.51,772.8
VW00096,C0175,Pune,2026-08-30,198.9,5438.88
VW00097,C0180,Kolkata,2025-02-10,181.91,6135.58
VW00098,C0041,Kolkata,2025-03-15,149.42,3812.32
VW00099,C0168,Patna,2025-03-18,206.22,5984.32
VW00100,C0130,Pune,2026-07-16,240.33,4308.86
VW00101,C0173,Delhi,2026-01-19,185.58,3523.25
VW00102,C0110,Mumbai,2026-06-27,15.67,5640.13
VW00103,C0214,Kolkata,2026-07-29,5.46,4211.36
VW00104,C0141,Delhi,2026-08-23,55.93,3714.02
VW00105,C0072,Mumbai,2026-09-25,77.51,9688.54
VW00106,C0123,Kolkata,2025-06-05,261.66,7409.17
VW00107,C0063,Patna,2025-02-10,267.64,2543.93
VW00108,C0149,Kolkata,2025-10-10,91.24,2269.54
VW00109,C0228,Mumbai,2025-12-08,103.27,1852.93
VW00110,C0045,Patna,2025-07-15,155.62,2631.64
VW00111,C0171,Patna,2026-04-05,179.16,9269.93
VW00112,C0032,Kolkata,2026-01-29,190.52,4367.42
VW00113,C0033,Patna,2025-02-08,269.95,9032.38
VW00114,C0045,Mumbai,2025-08-14,87.27,5713.14
VW00115,C0020,Pune,2025-10-28,242.57,1422.08
VW00116,C0014,Patna,2025-01-09,166.0,2515.26
VW00117,C0138,Patna,2026-01-22,222.03,7677.59
VW00118,C0153,Mumbai,2025-03-29,131.17,6290.32
VW00119,C0148,Kolkata,2026-01-16,243.74,5009.35
VW00120,C0173,Delhi,2025-06-02,128.17,5329.77
VW00121,C0013,Patna,2026-04-03,182.0,8585.05
VW00122,C0160,Pune,2026-08-29,241.3,8380.95
VW00123,C0032,Patna,2026-08-26,208.63,9547.46
VW00124,C0023,Mumbai,2026-01-11,153.72,1521.22
VW00125,C0170,Kolkata,2025-06-17,280.28,1809.63
VW00126,C0145,Mumbai,2025-09-07,228.12,5826.86
VW00127,C0034,Delhi,2025-04-21,234.98,6560.97
VW00128,C0031,Patna,2025-09-26,292.75,3654.07
VW00129,C0206,Patna,2025-08-19,182.83,9504.33
VW00130,C0001,Pune,2025-09-25,56.67,7010.19
VW00131,C0011,Mumbai,2026-03-13,274.65,6333.07
VW00132,C0227,Patna,2026-03-29,120.56,1688.95
VW00133,C0171,Delhi,2025-12-16,3.64,411.31
VW00134,C0145,Kolkata,2026-06-17,23.6,7537.18
VW00135,C0220,Pune,2026-02-03,71.41,4572.76
VW00136,C0034,Delhi,2026-02-02,137.96,8842.39
VW00137,C0020,Patna,2025-11-08,249.09,2064.67
VW00138,C0017,Delhi,2026-09-25,205.05,3837.66
VW00139,C0190,Mumbai,2025-03-18,206.05,1593.91
VW00140,C0176,Delhi,2025-02-01,257.7,1630.24
VW00141,C0216,Kolkata,2026-04-02,7.88,1221.75
VW00142,C0059,Pune,2025-10-16,235.41,6475.11
VW00143,C0225,Mumbai,2025-10-23,177.24,2831.73
VW00144,C0106,Patna,2025-04-04,238.47,9131.13
VW00145,C0157,Kolkata,2026-08-30,108.23,7150.11
VW00146,C0040,Delhi,2026-08-25,288.05,5273.23
VW00147,C0028,Delhi,2026-05-29,182.82,9604.05
VW00148,C0154,Patna,2025-03-03,51.95,6338.94
VW00149,C0157,Patna,2025-05-27,78.87,342.81
VW00150,C0181,Delhi,2026-02-18,153.35,9196.92
VW00151,C0134,Pune,2026-08-04,221.57,6032.66
VW00152,C0213,Patna,2025-01-02,102.51,3159.34
VW00153,C0204,Mumbai,2025-04-16,104.02,2868.39
VW00154,C0176,Delhi,2026-06-03,203.44,166.51
VW00155,C0134,Pune,2025-08-13,132.06,8400.35
VW00156,C0165,Pune,2026-08-17,60.28,7123.97
VW00157,C0135,Patna,2026-07-19,212.0,5248.5
VW00158,C0037,Patna,2026-04-24,120.81,2262.85
VW00159,C0047,Delhi,2025-05-22,187.12,9318.37
VW00160,C0138,Mumbai,2026-07-19,124.77,5167.94
VW00161,C0078,Patna,2026-08-30,88.96,8213.68
VW00162,C0014,Patna,2026-03-27,202.86,3139.77
VW00163,C0223,Mumbai,2025-01-27,269.52,6546.1
VW00164,C0201,Delhi,2026-07-01,160.27,9258.82
VW00165,C0087,Kolkata,2026-06-24,83.62,2461.03
VW00166,C0187,Kolkata,2025-07-30,114.68,954.06
VW00167,C0053,Patna,2025-09-08,179.5,5035.34
VW00168,C0030,Delhi,2025-04-13,43.56,92.22
VW00169,C0116,Pune,2025-09-26,95.57,601.81
VW00170,C0188,Kolkata,2025-03-13,16.38,8976.52
VW00171,C0173,Pune,2025-07-26,209.37,9858.89
VW00172,C0203,Kolkata,2026-01-08,208.63,5958.58
VW00173,C0105,Mumbai,2025-03-11,93.97,1831.75
VW00174,C0150,Patna,2026-01-13,254.68,8255.72
VW00175,C0140,Delhi,2025-05-29,16.71,8992.31
VW00176,C0025,Mumbai,2026-07-04,36.51,4517.29
VW00177,C0203,Patna,2026-03-02,228.66,1278.43
VW00178,C0105,Delhi,2026-01-08,195.03,2623.41
VW00179,C0037,Delhi,2026-07-31,28.12,5431.36
VW00180,C0121,Pune,2026-02-17,101.1,1228.15
VW00181,C0151,Delhi,2025-10-27,42.27,9682.83
VW00182,C0120,Kolkata,2026-04-24,215.34,3035.39
VW00183,C0084,Kolkata,2026-03-19,70.13,2899.98
VW00184,C0100,Kolkata,2025-03-18,247.58,5291.27
VW00185,C0149,Patna,2025-10-10,253.16,3346.57
VW00186,C0202,Delhi,2025-07-03,113.68,4027.74
VW00187,C0132,Pune,2026-09-07,212.12,9677.13
VW00188,C0026,Patna,2026-04-08,29.76,4677.02
VW00189,C0189,Kolkata,2026-07-12,288.19,5899.57
VW00190,C0169,Pune,2025-04-21,130.2,8204.1
VW00191,C0218,Pune,2025-04-11,92.88,936.28
VW00192,C0118,Delhi,2025-04-22,24.39,1230.54
VW00193,C0034,Pune,2026-06-28,178.75,6651.91
VW00194,C0189,Delhi,2026-08-11,86.59,7038.21
VW00195,C0131,Patna,2026-04-18,116.05,5238.68
VW00196,C0210,Patna,2025-11-13,104.76,6964.18
VW00197,C0084,Patna,2026-07-21,180.87,6557.17
VW00198,C0035,Mumbai,2025-01-10,52.73,8233.35
VW00199,C0117,Mumbai,2025-10-05,273.77,7058.97
VW00200,C0072,Mumbai,2026-01-27,128.18,5010.37
VW00201,C0167,Pune,2025-10-19,62.32,3823.28
VW00202,C0220,Delhi,2025-09-28,158.34,1667.2
VW00203,C0202,Kolkata,2026-04-05,134.95,7861.04
VW00204,C0077,Delhi,2026-02-03,151.27,4898.46
VW00205,C0035,Patna,2026-05-04,226.38,4122.78
VW00206,C0176,Patna,2025-12-20,278.05,1150.17
VW00207,C0207,Patna,2025-10-12,110.99,8139.93
VW00208,C0042,Delhi,2025-05-04,258.66,373.29
VW00209,C0090,Kolkata,2026-09-03,105.54,5040.46
VW00210,C0168,Delhi,2025-10-21,123.32,2617.07
VW00211,C0194,Pune,2026-05-12,245.01,7283.4
VW00212,C0206,Kolkata,2026-07-14,160.12,6498.2
VW00213,C0216,Kolkata,2025-10-09,225.29,6738.55
VW00214,C0109,Kolkata,2026-05-15,68.6,8274.94
VW00215,C0161,Delhi,2025-04-11,110.56,2681.24
VW00216,C0117,Kolkata,2025-01-30,194.55,4176.13
VW00217,C0182,Patna,2025-02-15,121.99,709.77
VW00218,C0035,Patna,2026-07-21,291.36,588.64
VW00219,C0088,Pune,2025-08-22,13.86,2760.4
VW00220,C0212,Delhi,2025-02-17,220.0,1760.67
VW00221,C0109,Delhi,2025-02-26,218.58,9383.42
VW00222,C0057,Mumbai,2026-04-07,33.31,2509.49
VW00223,C0174,Patna,2025-09-22,127.15,1367.58
VW00224,C0002,Patna,2025-11-03,136.83,9081.16
VW00225,C0135,Mumbai,2026-09-02,254.46,5655.34
VW00226,C0197,Kolkata,2025-01-07,47.45,9573.42
VW00227,C0146,Delhi,2026-04-19,296.86,5442.13
VW00228,C0073,Pune,2025-08-31,104.37,9980.29
VW00229,C0219,Delhi,2025-04-11,55.04,3717.26
VW00230,C0025,Kolkata,2026-08-22,97.31,5235.38
VW00231,C0228,Patna,2026-04-06,247.16,5477.47
VW00232,C0185,Kolkata,2025-07-19,251.19,2081.44
VW00233,C0163,Delhi,2025-12-04,121.42,9722.54
VW00234,C0108,Kolkata,2026-08-17,224.26,1631.5
VW00235,C0070,Pune,2025-09-10,191.76,9396.9
VW00236,C0130,Kolkata,2026-08-22,28.7,9505.41
VW00237,C0190,Kolkata,2026-04-03,15.6,1987.05
VW00238,C0015,Kolkata,2026-02-20,119.12,9792.05
VW00239,C0182,Delhi,2025-11-03,127.52,3223.58
VW00240,C0035,Patna,2025-01-19,123.99,8526.38
VW00241,C0083,Mumbai,2026-03-18,68.06,4346.37
VW00242,C0200,Patna,2026-02-04,175.36,6015.41
VW00243,C0088,Mumbai,2025-01-15,74.72,826.94
VW00244,C0034,Mumbai,2025-01-03,44.08,3574.8
VW00245,C0101,Mumbai,2025-11-10,71.51,3457.38
VW00246,C0127,Patna,2025-05-21,10.26,8255.85
VW00247,C0205,Patna,2025-05-20,241.98,5789.48
VW00248,C0175,Kolkata,2025-12-12,101.17,8.63
VW00249,C0001,Patna,2025-05-25,209.37,4479.91
VW00250,C0016,Delhi,2025-11-07,98.91,8716.2
VW00251,C0050,Mumbai,2025-01-23,198.9,7219.86
VW00252,C0039,Kolkata,2026-01-28,253.42,1365.6
VW00253,C0106,Delhi,2026-01-20,165.6,9428.5
VW00254,C0160,Mumbai,2026-09-11,2.74,3702.19
VW00255,C0109,Delhi,2025-05-02,42.46,3959.31
VW00256,C0130,Mumbai,2026-06-12,203.9,9685.3
VW00257,C0103,Mumbai,2025-07-10,34.06,7621.07
VW00258,C0142,Patna,2026-09-22,215.62,1374.07
VW00259,C0021,Delhi,2026-08-21,231.28,9924.24
VW00260,C0139,Patna,2025-03-13,174.16,813.58
VW00261,C0073,Delhi,2026-06-16,87.19,3203.94
VW00262,C0138,Mumbai,2026-06-25,204.97,9159.26
VW00263,C0022,Delhi,2025-03-03,203.32,5328.58
VW00264,C0107,Mumbai,2025-06-07,299.95,2450.43
VW00265,C0107,Delhi,2026-03-07,25.16,6658.87
VW00266,C0196,Delhi,2025-01-12,13.9,7626.11
VW00267,C0077,Delhi,2025-12-11,256.82,799.19
VW00268,C0045,Patna,2026-01-14,186.9,4613.1
VW00269,C0038,Kolkata,2026-05-11,158.75,8929.31
VW00270,C0202,Mumbai,2025-10-30,262.22,7942.62
VW00271,C0158,Delhi,2026-05-12,4.71,5993.07
VW00272,C0197,Kolkata,2026-01-09,142.15,57.39
VW00273,C0050,Patna,2025-12-10,292.28,6478.28
VW00274,C0038,Patna,2025-01-04,167.11,6676.68
VW00275,C0011,Patna,2026-01-09,155.58,8182.78
VW00276,C0011,Delhi,2025-10-28,267.75,4912.87
VW00277,C0135,Mumbai,2025-06-28,168.94,5203.19
VW00278,C0109,Patna,2026-05-25,196.1,8834.83
VW00279,C0144,Mumbai,2025-06-14,53.71,7391.68
VW00280,C0025,Kolkata,2026-05-19,291.39,4661.24
VW00281,C0172,Mumbai,2025-09-17,67.53,5337.49
VW00282,C0060,Delhi,2025-11-25,156.28,5823.75
VW00283,C0195,Pune,2025-02-22,126.07,4042.69
VW00284,C0038,Patna,2025-02-11,39.3,8922.54
VW00285,C0123,Kolkata,2025-01-01,27.48,2982.49
VW00286,C0076,Kolkata,2025-05-29,141.16,5868.29
VW00287,C0097,Mumbai,2025-09-15,13.16,9939.62
VW00288,C0198,Mumbai,2026-09-26,6.65,2175.66
VW00289,C0150,Patna,2025-08-23,204.65,2408.69
VW00290,C0024,Mumbai,2026-09-17,234.7,6672.41
VW00291,C0028,Kolkata,2025-08-17,10.61,3278.48
VW00292,C0170,Pune,2025-07-08,281.35,7460.9
VW00293,C0070,Pune,2025-10-07,69.07,7750.67
VW00294,C0185,Kolkata,2025-06-24,282.09,7958.76
VW00295,C0194,Patna,2025-02-07,142.63,3718.6
VW00296,C0102,Kolkata,2025-03-17,279.97,8863.09
VW00297,C0051,Pune,2026-09-06,153.19,9879.62
VW00298,C0008,Pune,2026-06-26,283.28,5081.85
VW00299,C0183,Mumbai,2026-06-17,19.73,2043.15
VW00300,C0084,Delhi,2025-01-07,180.69,5842.0
VW00301,C0019,Pune,2025-06-22,30.72,8608.59
VW00302,C0169,Delhi,2025-02-28,175.08,869.05
VW00303,C0071,Mumbai,2026-06-25,217.37,1938.35
VW00304,C0117,Mumbai,2025-01-18,288.88,8259.78
VW00305,C0222,Mumbai,2026-07-22,7.35,9799.09
VW00306,C0160,Delhi,2026-06-17,34.53,4791.02
VW00307,C0138,Pune,2026-02-03,64.14,3929.91
VW00308,C0128,Patna,2026-09-20,225.55,3350.03
VW00309,C0207,Mumbai,2025-07-22,110.11,1029.55
VW00310,C0221,Patna,2025-07-29,154.02,799.26
VW00311,C0016,Pune,2025-05-07,127.13,7127.19
VW00312,C0180,Delhi,2025-12-12,50.38,1091.44
VW00313,C0208,Pune,2025-01-09,182.78,9227.15
VW00314,C0200,Kolkata,2026-09-23,293.77,7058.78
VW00315,C0223,Pune,2026-01-15,220.84,4867.27
VW00316,C0054,Mumbai,2026-03-10,254.13,3981.22
VW00317,C0127,Pune,2026-04-14,176.95,4558.0
VW00318,C0092,Mumbai,2026-04-30,91.19,2586.44
VW00319,C0150,Pune,2025-02-02,197.71,3558.1
VW00320,C0001,Delhi,2025-11-27,244.49,5101.23
VW00321,C0135,Pune,2025-05-07,20.28,1674.5
VW00322,C0136,Delhi,2026-04-21,64.24,3212.42
VW00323,C0220,Kolkata,2025-05-01,160.93,689.17
VW00324,C0150,Pune,2026-09-28,202.19,680.06
VW00325,C0001,Kolkata,2025-05-25,54.87,9664.39
VW00326,C0161,Pune,2025-06-10,192.63,9069.99
VW00327,C0224,Mumbai,2026-02-24,59.14,7399.84
VW00328,C0180,Pune,2026-02-09,92.58,828.28
VW00329,C0154,Delhi,2025-02-05,7.33,1074.46
VW00330,C0048,Kolkata,2025-05-25,44.5,6.72
VW00331,C0065,Delhi,2025-03-19,18.36,6184.03
VW00332,C0075,Kolkata,2026-09-22,101.85,1486.64
VW00333,C0159,Pune,2025-05-16,74.5,4338.26
VW00334,C0014,Kolkata,2026-04-08,169.54,1112.48
VW00335,C0074,Pune,2026-09-21,260.98,3800.66
VW00336,C0153,Patna,2026-06-26,11.63,8795.59
VW00337,C0048,Kolkata,2026-01-11,214.74,5249.27
VW00338,C0127,Kolkata,2026-04-06,82.47,8264.22
VW00339,C0183,Pune,2026-01-30,152.8,9219.66
VW00340,C0035,Mumbai,2025-07-12,157.85,8277.29
VW00341,C0214,Delhi,2026-07-20,123.55,5841.78
VW00342,C0040,Kolkata,2025-01-17,138.69,9273.51
VW00343,C0132,Delhi,2025-08-23,115.69,6775.28
VW00344,C0103,Kolkata,2026-04-18,146.26,1692.46
VW00345,C0028,Mumbai,2026-06-11,297.06,715.82
VW00346,C0224,Pune,2025-07-31,22.3,7642.14
VW00347,C0138,Pune,2025-08-31,67.89,5098.48
VW00348,C0135,Kolkata,2025-01-06,139.73,1783.31
VW00349,C0228,Patna,2025-10-13,262.32,3045.73
VW00350,C0154,Pune,2025-10-17,64.99,8733.12
VW00351,C0015,Kolkata,2025-04-11,11.13,9824.7
VW00352,C0022,Mumbai,2025-08-12,186.45,9651.1
VW00353,C0127,Pune,2025-02-10,21.75,3273.6
VW00354,C0063,Delhi,2025-09-04,66.41,7267.15
VW00355,C0147,Mumbai,2025-01-18,272.4,6649.07
VW00356,C0027,Mumbai,2025-08-05,93.14,1627.2
VW00357,C0028,Pune,2025-06-19,250.6,2908.24
VW00358,C0123,Patna,2026-07-09,255.97,2807.99
VW00359,C0066,Kolkata,2026-07-05,192.42,9794.02
VW00360,C0026,Patna,2025-08-08,56.77,8812.06
VW00361,C0051,Mumbai,2026-07-08,162.74,7371.13
VW00362,C0215,Mumbai,2025-02-12,9.67,3057.47
VW00363,C0107,Delhi,2025-02-24,65.3,9929.62
VW00364,C0155,Pune,2025-06-26,216.22,8069.3
VW00365,C0190,Mumbai,2025-08-17,49.19,3323.59
VW00366,C0051,Pune,2026-05-26,193.36,9687.97
VW00367,C0112,Delhi,2025-07-24,195.92,8824.84
VW00368,C0002,Delhi,2026-04-23,237.26,5197.82
VW00369,C0152,Pune,2026-03-20,32.04,8309.93
VW00370,C0043,Mumbai,2025-10-21,25.81,8277.72
VW00371,C0090,Kolkata,2025-07-10,103.73,8383.27
VW00372,C0148,Pune,2026-07-25,299.87,5578.59
VW00373,C0030,Patna,2025-12-03,184.0,6693.13
VW00374,C0212,Pune,2026-09-17,60.46,6935.48
VW00375,C0088,Patna,2025-03-20,256.7,4996.57
VW00376,C0216,Mumbai,2025-05-16,130.9,3072.76
VW00377,C0054,Mumbai,2026-01-25,94.82,8681.8
VW00378,C0004,Delhi,2026-02-07,106.4,4597.36
VW00379,C0149,Kolkata,2026-05-15,153.28,2628.6
VW00380,C0030,Delhi,2025-06-08,299.55,6809.96
VW00381,C0226,Kolkata,2025-07-18,123.36,8592.82
VW00382,C0158,Delhi,2026-01-13,217.73,2912.87
VW00383,C0106,Pune,2026-05-01,77.53,9122.44
VW00384,C0164,Mumbai,2026-06-02,67.79,9580.85
VW00385,C0017,Delhi,2026-06-16,193.2,839.19
VW00386,C0151,Kolkata,2025-01-02,293.69,7321.07
VW00387,C0161,Patna,2026-06-07,99.97,657.88
VW00388,C0118,Patna,2026-07-02,52.13,1955.62
VW00389,C0168,Kolkata,2026-04-26,56.67,5025.35
VW00390,C0101,Kolkata,2025-01-17,264.86,7332.36
VW00391,C0066,Kolkata,2026-04-27,208.02,7815.38
VW00392,C0078,Pune,2026-06-19,107.1,4989.89
VW00393,C0155,Pune,2026-01-07,144.28,8191.14
VW00394,C0038,Patna,2026-01-08,94.18,9402.03
VW00395,C0030,Mumbai,2025-08-27,139.19,2066.96
VW00396,C0108,Mumbai,2025-05-26,57.57,6701.35
VW00397,C0017,Kolkata,2025-06-09,84.16,6055.54
VW00398,C0177,Kolkata,2025-12-30,235.06,9577.31
VW00399,C0076,Pune,2026-08-26,67.18,5241.91
VW00400,C0023,Kolkata,2025-03-10,246.28,3728.49
VW00401,C0047,Delhi,2025-02-10,228.62,3410.59
VW00402,C0041,Mumbai,2025-03-19,213.9,7026.1
VW00403,C0106,Mumbai,2026-08-14,209.41,9809.69
VW00404,C0202,Kolkata,2026-02-09,234.99,4806.78
VW00405,C0136,Pune,2025-09-25,23.4,3508.47
VW00406,C0055,Mumbai,2025-03-19,17.66,4036.56
VW00407,C0206,Patna,2026-07-16,217.23,8319.49
VW00408,C0174,Patna,2025-10-15,140.21,8067.85
VW00409,C0125,Mumbai,2026-01-25,286.75,6719.57
VW00410,C0161,Mumbai,2025-05-07,95.36,3470.58
VW00411,C0001,Delhi,2025-06-08,90.27,6923.35
VW00412,C0219,Patna,2025-10-22,144.51,5430.03
VW00413,C0069,Mumbai,2025-04-17,55.84,389.7
VW00414,C0142,Mumbai,2025-09-29,3.42,5263.71
VW00415,C0068,Delhi,2025-03-28,170.63,4993.99
VW00416,C0132,Kolkata,2025-04-06,237.5,5005.13
VW00417,C0032,Pune,2025-01-28,98.68,8899.22
VW00418,C0216,Patna,2025-04-10,27.79,7880.75
VW00419,C0071,Patna,2025-01-19,127.21,4695.18
VW00420,C0076,Kolkata,2026-05-24,107.18,5407.07
VW00421,C0066,Mumbai,2025-08-11,295.66,5600.04
VW00422,C0195,Pune,2026-08-16,299.58,7093.79
VW00423,C0201,Patna,2025-07-24,81.88,3842.08
VW00424,C0093,Patna,2026-03-15,15.94,6277.42
VW00425,C0165,Patna,2025-12-10,282.54,7949.3
VW00426,C0010,Kolkata,2025-04-30,263.12,5386.25
VW00427,C0079,Mumbai,2025-05-27,142.13,3178.91
VW00428,C0022,Delhi,2025-01-10,20.45,8122.66
VW00429,C0173,Delhi,2025-06-26,8.83,7880.05
VW00430,C0208,Pune,2025-01-08,89.22,4495.57
VW00431,C0190,Mumbai,2026-02-17,200.32,5305.21
VW00432,C0093,Mumbai,2026-09-13,72.76,6775.43
VW00433,C0013,Pune,2025-08-28,30.55,2633.01
VW00434,C0170,Pune,2026-08-10,141.07,6044.53
VW00435,C0092,Pune,2026-07-05,186.35,6528.0
VW00436,C0104,Patna,2026-07-28,288.79,3112.11
VW00437,C0166,Delhi,2025-03-22,25.9,811.27
VW00438,C0065,Mumbai,2026-03-18,285.2,3281.24
VW00439,C0197,Mumbai,2026-05-20,182.0,5760.71
VW00440,C0007,Mumbai,2025-03-13,110.93,8411.55
VW00441,C0117,Mumbai,2025-09-24,100.84,2645.39
VW00442,C0035,Mumbai,2026-03-06,78.4,7372.52
VW00443,C0172,Delhi,2025-04-24,256.35,7227.88
VW00444,C0115,Mumbai,2026-04-20,51.11,7798.74
VW00445,C0039,Kolkata,2025-03-06,94.91,5088.58
VW00446,C0102,Patna,2025-05-02,118.54,837.45
VW00447,C0033,Patna,2026-03-16,89.12,7296.33
VW00448,C0201,Patna,2026-02-02,105.32,1371.8
VW00449,C0111,Kolkata,2026-01-28,263.08,3586.06
