booking_id,flight_id,travel_class,booking_date,fare,passengers
BK00001,F00071,Premium Economy,2025-12-09,63264.52,1
BK00002,F00138,Business,2025-01-20,33881.82,3
BK00003,F00083,Business,2025-06-25,52402.57,1
BK00004,F00088,Business,2026-07-26,115395.59,1
BK00005,F00171,Premium Economy,2026-01-13,22548.08,3
BK00006,F00094,Business,2025-10-22,100071.67,1
BK00007,F00196,Premium Economy,2025-04-24,34282.3,2
BK00008,F00068,Business,2026-05-29,92440.16,4
BK00009,F00158,Premium Economy,2026-05-14,123292.82,5
BK00010,F00073,Economy,2025-10-03,78853.77,4
BK00011,F00164,Business,2025-08-21,101577.69,2
BK00012,F00033,Premium Economy,2025-09-27,42089.56,3
BK00013,F00079,Business,2026-01-24,27345.6,5
BK00014,F00163,Economy,2026-08-18,83579.62,2
BK00015,F00094,Economy,2025-08-11,88392.38,1
BK00016,F00116,Premium Economy,2026-04-11,10545.14,2
BK00017,F00152,Premium Economy,2025-11-11,39064.68,5
BK00018,F00165,Business,2026-01-28,73868.76,1
BK00019,F00121,Premium Economy,2025-08-28,18242.83,1
BK00020,F00221,Economy,2026-03-07,110379.44,5
BK00021,F00196,Business,2025-05-17,39528.89,1
BK00022,F00231,Economy,2025-12-14,32251.44,5
BK00023,F00027,Premium Economy,2026-08-31,97177.49,4
BK00024,F00197,Business,2025-04-17,67731.97,1
BK00025,F00178,Business,2026-07-31,114117.79,1
BK00026,F00090,Economy,2025-12-22,48288.41,5
BK00027,F00103,Premium Economy,2026-04-13,104283.61,5
BK00028,F00130,Premium Economy,2025-12-23,88336.33,4
BK00029,F00069,Economy,2025-12-30,109539.55,3
BK00030,F00208,Premium Economy,2025-09-04,99817.02,1
BK00031,F00035,Premium Economy,2026-05-31,25402.44,1
BK00032,F00083,Premium Economy,2026-08-01,120786.05,3
BK00033,F00151,Premium Economy,2025-10-06,88051.0,3
BK00034,F00012,Business,2025-05-15,42866.22,3
BK00035,F00081,Economy,2025-04-03,76212.16,1
BK00036,F00118,Business,2025-08-29,98646.11,4
BK00037,F00014,Business,2025-12-30,28299.78,3
BK00038,F00037,Economy,2025-10-18,60054.73,3
BK00039,F00168,Economy,2025-12-29,10278.91,1
BK00040,F00184,Economy,2026-02-18,124044.42,1
BK00041,F00045,Premium Economy,2025-01-01,109310.88,5
BK00042,F00001,Premium Economy,2025-07-13,75213.46,2
BK00043,F00068,Economy,2026-01-02,66413.38,4
BK00044,F00224,Business,2025-10-21,136490.01,4
BK00045,F00246,Business,2026-02-02,66234.62,5
BK00046,F00183,Economy,2026-03-30,146788.13,2
BK00047,F00138,Business,2026-04-01,63714.68,4
BK00048,F00148,Business,2025-06-03,35522.73,2
BK00049,F00155,Premium Economy,2025-12-13,146300.76,4
BK00050,F00232,Business,2025-01-13,16867.72,5
BK00051,F00051,Economy,2025-10-07,66332.13,4
BK00052,F00110,Economy,2025-05-05,148246.78,5
BK00053,F00024,Premium Economy,2026-05-03,99344.43,2
BK00054,F00116,Business,2025-11-04,10653.25,2
BK00055,F00104,Business,2026-05-17,35768.29,1
BK00056,F00026,Premium Economy,2026-08-31,70461.19,3
BK00057,F00212,Business,2026-01-02,130652.65,3
BK00058,F00108,Premium Economy,2025-04-02,66400.1,3
BK00059,F00222,Business,2026-01-25,24662.75,3
BK00060,F00187,Premium Economy,2026-03-19,87858.91,4
BK00061,F00158,Economy,2026-05-13,107908.54,4
BK00062,F00057,Business,2025-09-04,3076.63,1
BK00063,F00148,Premium Economy,2026-03-20,54770.25,5
BK00064,F00176,Economy,2026-09-29,109335.5,1
BK00065,F00209,Economy,2026-04-02,122171.75,5
BK00066,F00201,Premium Economy,2026-01-15,57590.71,2
BK00067,F00227,Economy,2025-11-11,123494.12,4
BK00068,F00181,Premium Economy,2025-02-03,46092.07,2
BK00069,F00139,Economy,2025-11-19,64816.67,4
BK00070,F00056,Premium Economy,2026-05-12,6037.59,3
BK00071,F00075,Premium Economy,2026-09-21,68847.35,2
BK00072,F00247,Premium Economy,2026-05-17,10208.33,3
BK00073,F00198,Premium Economy,2026-02-23,131447.49,2
BK00074,F00174,Business,2025-01-25,49984.04,3
BK00075,F00071,Economy,2025-02-22,23460.04,3
BK00076,F00236,Premium Economy,2025-03-20,147346.2,5
BK00077,F00149,Business,2026-07-28,27748.63,5
BK00078,F00049,Premium Economy,2025-08-23,3979.61,1
BK00079,F00168,Premium Economy,2026-03-19,43850.54,1
BK00080,F00041,Business,2026-09-17,79846.25,5
BK00081,F00245,Business,2025-06-15,117027.12,3
BK00082,F00119,Economy,2025-03-14,115612.96,1
BK00083,F00219,Premium Economy,2026-01-28,105931.28,4
BK00084,F00206,Business,2026-02-10,113945.47,4
BK00085,F00058,Economy,2025-03-26,25782.97,5
BK00086,F00130,Business,2026-06-23,69335.04,2
BK00087,F00080,Premium Economy,2025-04-16,12619.66,5
BK00088,F00053,Business,2025-05-29,134754.74,3
BK00089,F00080,Economy,2026-07-23,39745.36,1
BK00090,F00082,Business,2025-12-27,136676.65,1
BK00091,F00180,Economy,2026-01-05,11940.9,2
BK00092,F00227,Premium Economy,2025-06-26,55405.43,4
BK00093,F00050,Business,2025-06-16,52392.72,2
BK00094,F00190,Economy,2025-06-26,35147.29,3
BK00095,F00030,Business,2026-06-28,99831.66,4
BK00096,F00203,Premium Economy,2025-03-21,86010.6,3
BK00097,F00020,Business,2025-03-31,37722.22,4
BK00098,F00061,Business,2025-03-27,106392.13,1
BK00099,F00149,Economy,2025-09-15,81060.73,3
BK00100,F00116,Premium Economy,2025-09-20,149470.95,5
BK00101,F00176,Business,2026-08-21,25892.09,3
BK00102,F00243,Economy,2025-12-31,143865.0,1
BK00103,F00107,Premium Economy,2025-01-06,75638.93,2
BK00104,F00151,Premium Economy,2026-05-08,125682.04,1
BK00105,F00150,Business,2025-11-27,105652.15,5
BK00106,F00232,Economy,2026-03-28,147592.04,2
BK00107,F00003,Economy,2025-08-25,9525.65,3
BK00108,F00150,Economy,2026-04-22,74628.47,5
BK00109,F00211,Economy,2025-03-27,33457.12,3
BK00110,F00072,Business,2026-06-10,40974.75,4
BK00111,F00090,Premium Economy,2025-10-10,129213.41,5
BK00112,F00014,Business,2025-12-08,82453.51,1
BK00113,F00042,Economy,2026-09-27,149630.95,1
BK00114,F00010,Business,2026-02-16,139467.37,5
BK00115,F00114,Economy,2026-04-07,46780.59,2
BK00116,F00155,Business,2025-10-28,105538.44,1
BK00117,F00005,Business,2025-07-25,137858.29,3
BK00118,F00233,Business,2025-12-12,67659.72,4
BK00119,F00039,Business,2026-01-21,43850.85,1
BK00120,F00041,Premium Economy,2025-05-26,101059.86,3
BK00121,F00183,Economy,2025-01-08,97679.36,2
BK00122,F00092,Premium Economy,2025-08-17,96370.04,3
BK00123,F00181,Business,2026-03-27,131511.9,3
BK00124,F00024,Business,2025-04-23,27934.88,2
BK00125,F00187,Business,2026-09-12,82992.54,3
BK00126,F00077,Premium Economy,2026-08-25,138462.92,3
BK00127,F00095,Premium Economy,2026-08-05,132164.36,1
BK00128,F00108,Premium Economy,2026-03-19,43103.21,1
BK00129,F00227,Premium Economy,2025-06-05,122848.72,3
BK00130,F00210,Economy,2026-02-15,95407.9,2
BK00131,F00062,Economy,2025-07-19,57740.66,4
BK00132,F00154,Economy,2025-04-04,139796.41,1
BK00133,F00014,Business,2025-02-09,108656.2,4
BK00134,F00039,Premium Economy,2025-05-14,56788.41,4
BK00135,F00188,Economy,2026-09-19,103121.46,2
BK00136,F00088,Business,2026-04-20,12212.58,5
BK00137,F00021,Premium Economy,2026-07-01,109962.32,5
BK00138,F00054,Business,2026-08-09,54454.85,5
BK00139,F00040,Business,2025-01-04,21028.29,2
BK00140,F00178,Economy,2026-02-24,141441.9,2
BK00141,F00205,Premium Economy,2026-01-24,36798.79,2
BK00142,F00091,Premium Economy,2025-10-17,111456.29,1
BK00143,F00204,Premium Economy,2026-03-05,81713.56,2
BK00144,F00190,Business,2025-10-12,29340.48,2
BK00145,F00166,Economy,2025-12-18,89636.18,4
BK00146,F00088,Business,2025-04-08,56068.29,1
BK00147,F00056,Economy,2025-06-03,125939.94,2
BK00148,F00097,Business,2025-01-11,142472.74,3
BK00149,F00194,Business,2026-03-09,130877.7,4
BK00150,F00230,Economy,2026-09-16,3559.42,4
BK00151,F00026,Business,2025-11-03,17456.09,2
BK00152,F00186,Business,2025-02-02,19573.69,4
BK00153,F00091,Business,2026-05-04,14016.26,5
BK00154,F00037,Economy,2025-11-26,66249.41,1
BK00155,F00169,Business,2026-01-29,125383.76,3
BK00156,F00048,Economy,2026-05-03,130664.68,3
BK00157,F00126,Premium Economy,2025-09-07,132739.91,3
BK00158,F00061,Business,2026-09-14,122685.78,3
BK00159,F00026,Premium Economy,2025-06-03,124140.71,3
BK00160,F00069,Business,2026-05-17,113028.96,3
BK00161,F00174,Premium Economy,2025-06-17,67984.62,1
BK00162,F00014,Business,2026-01-05,129476.45,1
BK00163,F00033,Economy,2025-07-16,69061.56,4
BK00164,F00142,Premium Economy,2025-09-30,77059.18,4
BK00165,F00192,Economy,2025-09-20,11555.97,5
BK00166,F00032,Business,2025-07-25,50202.56,5
BK00167,F00091,Premium Economy,2025-02-03,68735.14,1
BK00168,F00094,Business,2026-09-04,18297.4,5
BK00169,F00202,Business,2025-12-04,27551.42,2
BK00170,F00210,Economy,2025-06-30,135746.97,4
BK00171,F00042,Premium Economy,2026-04-26,59888.82,5
BK00172,F00088,Premium Economy,2025-03-30,76192.66,4
BK00173,F00181,Premium Economy,2025-06-27,15743.17,2
BK00174,F00238,Economy,2025-04-14,79165.21,5
BK00175,F00046,Economy,2026-08-15,81642.19,4
BK00176,F00099,Premium Economy,2025-06-23,111786.81,4
BK00177,F00241,Business,2026-05-20,94001.57,5
BK00178,F00019,Business,2026-02-17,105815.83,5
BK00179,F00156,Business,2025-02-20,38503.29,3
BK00180,F00141,Premium Economy,2026-09-22,22898.15,4
BK00181,F00215,Business,2025-04-10,4511.27,1
BK00182,F00224,Business,2026-03-18,31910.88,3
BK00183,F00037,Business,2025-11-09,92122.71,5
BK00184,F00023,Premium Economy,2026-02-16,108348.78,3
BK00185,F00011,Economy,2026-04-22,34235.9,5
BK00186,F00240,Premium Economy,2025-02-01,43341.17,1
BK00187,F00130,Business,2025-05-21,33635.17,3
BK00188,F00014,Economy,2025-08-23,22903.21,5
BK00189,F00113,Business,2025-12-09,50087.46,5
BK00190,F00108,Economy,2025-11-20,60968.18,1
BK00191,F00190,Premium Economy,2026-09-10,103180.91,1
BK00192,F00008,Business,2026-04-22,37707.7,1
BK00193,F00099,Premium Economy,2026-08-07,124795.68,1
BK00194,F00030,Premium Economy,2026-06-30,5083.11,5
BK00195,F00103,Premium Economy,2025-12-21,147853.82,2
BK00196,F00224,Premium Economy,2025-02-04,36872.97,2
BK00197,F00229,Premium Economy,2026-08-30,108544.43,4
BK00198,F00059,Economy,2025-03-13,142178.55,5
BK00199,F00220,Premium Economy,2026-06-12,139158.42,2
BK00200,F00088,Business,2026-02-27,80147.5,4
BK00201,F00068,Business,2025-04-11,123190.24,3
BK00202,F00219,Business,2025-11-16,125015.57,5
BK00203,F00186,Premium Economy,2026-03-16,104788.53,2
BK00204,F00103,Premium Economy,2026-01-14,127017.81,2
BK00205,F00071,Business,2026-01-26,108200.65,3
BK00206,F00112,Economy,2025-06-28,100770.66,3
BK00207,F00100,Business,2026-08-16,36522.6,2
BK00208,F00108,Premium Economy,2026-09-28,32460.42,4
BK00209,F00242,Economy,2025-11-28,112341.99,3
BK00210,F00125,Economy,2026-03-14,105027.65,4
BK00211,F00090,Premium Economy,2025-12-11,15894.02,1
BK00212,F00241,Economy,2025-01-17,106431.16,1
BK00213,F00221,Economy,2026-03-04,69446.23,2
BK00214,F00204,Business,2026-01-15,44407.07,2
BK00215,F00007,Economy,2025-02-17,36095.75,2
BK00216,F00120,Economy,2026-04-20,31226.59,5
BK00217,F00155,Economy,2025-09-03,140102.65,4
BK00218,F00071,Premium Economy,2025-04-03,29774.08,3
BK00219,F00179,Premium Economy,2025-03-25,30058.39,5
BK00220,F00048,Premium Economy,2025-03-11,43620.81,5
BK00221,F00112,Economy,2025-10-24,6411.92,2
BK00222,F00233,Economy,2025-04-22,17039.9,3
BK00223,F00012,Business,2025-12-28,52990.86,4
BK00224,F00046,Economy,2025-10-09,118788.38,1
BK00225,F00004,Business,2025-10-12,47787.58,3
BK00226,F00192,Premium Economy,2026-03-31,57462.95,3
BK00227,F00081,Economy,2025-08-22,77500.28,1
BK00228,F00093,Economy,2026-05-16,146073.69,1
BK00229,F00077,Business,2025-02-26,128735.66,1
BK00230,F00008,Economy,2025-08-01,44124.13,5
BK00231,F00018,Economy,2025-05-13,88882.64,1
BK00232,F00202,Business,2025-03-01,16198.99,1
BK00233,F00204,Economy,2026-01-07,30564.31,5
BK00234,F00237,Economy,2026-02-18,26983.15,2
BK00235,F00096,Premium Economy,2025-03-30,54134.42,5
BK00236,F00074,Business,2026-02-17,23672.26,1
BK00237,F00136,Economy,2026-06-05,21099.62,3
BK00238,F00049,Business,2026-08-06,54787.02,5
BK00239,F00025,Premium Economy,2026-01-14,128840.34,1
BK00240,F00059,Premium Economy,2025-06-04,17796.83,2
BK00241,F00116,Premium Economy,2026-07-25,69117.23,5
BK00242,F00216,Economy,2026-05-23,132348.99,3
BK00243,F00239,Premium Economy,2025-10-16,13828.94,3
BK00244,F00204,Premium Economy,2026-01-15,141607.26,5
BK00245,F00125,Premium Economy,2026-02-13,85907.08,2
BK00246,F00169,Business,2026-06-30,81900.72,3
BK00247,F00086,Business,2025-01-29,148710.28,4
BK00248,F00165,Premium Economy,2025-04-15,16031.08,4
BK00249,F00022,Premium Economy,2025-06-04,17695.42,5
BK00250,F00035,Economy,2025-03-26,148626.74,1
BK00251,F00193,Business,2025-10-12,16163.06,3
BK00252,F00025,Premium Economy,2026-02-07,67241.48,5
BK00253,F00092,Premium Economy,2026-07-11,72824.89,2
BK00254,F00015,Business,2025-01-08,113378.45,5
BK00255,F00248,Premium Economy,2025-12-14,137548.23,5
BK00256,F00211,Premium Economy,2025-05-20,104654.66,1
BK00257,F00164,Business,2025-10-06,82924.65,3
BK00258,F00017,Business,2026-06-01,34574.83,1
BK00259,F00195,Economy,2025-03-31,96273.91,4
BK00260,F00043,Business,2025-04-13,76292.6,2
BK00261,F00201,Economy,2025-02-03,28786.61,4
BK00262,F00055,Economy,2026-08-27,57481.16,1
BK00263,F00195,Business,2025-11-09,44949.1,1
BK00264,F00090,Premium Economy,2025-09-28,20054.46,1
BK00265,F00205,Economy,2026-08-28,113907.87,5
BK00266,F00051,Premium Economy,2025-05-26,37826.01,5
BK00267,F00073,Business,2025-12-15,115120.47,4
BK00268,F00155,Economy,2026-07-10,9149.48,3
BK00269,F00048,Economy,2026-01-05,25234.09,4
BK00270,F00137,Business,2026-05-10,46380.14,4
BK00271,F00034,Premium Economy,2026-01-03,88616.79,1
BK00272,F00219,Business,2025-10-22,131023.39,3
BK00273,F00150,Business,2026-08-04,19367.72,3
BK00274,F00056,Premium Economy,2026-03-04,50097.41,4
BK00275,F00196,Economy,2026-01-30,35486.86,5
BK00276,F00097,Premium Economy,2026-06-27,51290.61,1
BK00277,F00171,Business,2025-09-25,16675.82,1
BK00278,F00126,Business,2025-03-04,127255.77,4
BK00279,F00208,Premium Economy,2025-09-27,93015.76,1
BK00280,F00118,Business,2026-04-04,76228.11,2
BK00281,F00038,Premium Economy,2025-12-21,120722.95,4
BK00282,F00217,Premium Economy,2025-02-06,103721.16,4
BK00283,F00057,Economy,2025-01-09,108044.17,4
BK00284,F00243,Premium Economy,2025-03-02,81270.03,1
BK00285,F00136,Business,2026-02-22,104083.58,1
BK00286,F00140,Economy,2025-01-19,146672.18,3
BK00287,F00054,Premium Economy,2026-07-25,106012.77,5
BK00288,F00048,Economy,2026-06-05,5288.63,2
BK00289,F00076,Economy,2025-11-02,81534.98,3
BK00290,F00153,Premium Economy,2025-11-21,116191.04,1
BK00291,F00061,Business,2026-01-24,132537.26,5
BK00292,F00050,Economy,2025-10-18,67838.09,4
BK00293,F00202,Economy,2026-07-27,146640.11,3
BK00294,F00235,Business,2025-10-14,86298.52,2
BK00295,F00096,Economy,2025-09-19,148829.73,3
BK00296,F00175,Business,2025-09-01,115833.71,3
BK00297,F00211,Economy,2025-03-28,108053.23,3
BK00298,F00096,Business,2025-05-22,119430.34,4
BK00299,F00029,Economy,2026-01-04,93306.75,3
BK00300,F00141,Premium Economy,2025-08-25,87279.01,5
BK00301,F00200,Economy,2026-08-21,127887.9,2
BK00302,F00063,Economy,2025-01-16,78380.42,3
BK00303,F00158,Economy,2026-03-26,90002.71,4
BK00304,F00022,Business,2025-07-22,55204.04,3
BK00305,F00097,Economy,2026-05-03,107083.6,3
BK00306,F00127,Premium Economy,2025-02-07,128467.75,4
BK00307,F00040,Business,2026-06-03,68713.77,1
BK00308,F00033,Business,2025-10-14,123338.89,1
BK00309,F00101,Business,2025-09-03,16690.96,4
BK00310,F00106,Premium Economy,2025-11-19,112163.38,4
BK00311,F00219,Business,2026-06-05,148388.56,5
BK00312,F00105,Economy,2026-06-24,141463.33,1
BK00313,F00068,Premium Economy,2025-08-22,82869.71,3
BK00314,F00114,Business,2025-07-19,14531.64,5
BK00315,F00066,Premium Economy,2025-04-30,63885.79,4
BK00316,F00219,Business,2025-01-11,38478.14,4
BK00317,F00078,Economy,2025-07-16,105065.15,1
BK00318,F00143,Business,2025-04-28,92582.69,5
BK00319,F00038,Economy,2025-09-05,6982.72,5
BK00320,F00025,Premium Economy,2025-10-08,130664.06,2
BK00321,F00178,Business,2025-11-28,93002.54,4
BK00322,F00024,Business,2026-03-20,72456.73,2
BK00323,F00161,Premium Economy,2026-02-14,130200.14,4
BK00324,F00235,Business,2025-10-15,15155.03,2
BK00325,F00035,Premium Economy,2026-01-12,134780.16,4
BK00326,F00119,Business,2026-04-12,87406.03,2
BK00327,F00009,Premium Economy,2025-06-03,101053.53,3
BK00328,F00242,Premium Economy,2026-03-01,42962.42,1
BK00329,F00111,Economy,2025-06-17,76854.5,5
BK00330,F00197,Business,2025-12-17,132500.18,4
BK00331,F00044,Premium Economy,2025-06-30,69433.34,5
BK00332,F00228,Premium Economy,2025-04-16,85815.93,4
BK00333,F00149,Premium Economy,2025-03-12,135886.91,2
BK00334,F00205,Premium Economy,2026-05-13,66710.32,1
BK00335,F00007,Economy,2026-08-22,145496.14,1
BK00336,F00206,Premium Economy,2025-10-10,10933.64,2
BK00337,F00018,Premium Economy,2025-04-13,79875.57,5
BK00338,F00039,Business,2025-12-10,64717.76,2
BK00339,F00172,Economy,2025-04-12,111813.76,5
BK00340,F00013,Economy,2026-02-13,90335.89,5
BK00341,F00110,Premium Economy,2026-02-22,57760.11,5
BK00342,F00163,Economy,2025-12-01,110007.18,4
BK00343,F00024,Economy,2026-07-23,92399.01,1
BK00344,F00181,Premium Economy,2026-04-14,126261.83,3
BK00345,F00092,Economy,2025-02-13,109311.31,1
BK00346,F00042,Economy,2026-02-27,45125.97,1
BK00347,F00091,Economy,2025-02-12,96301.06,3
BK00348,F00122,Business,2026-09-11,146654.74,1
BK00349,F00016,Business,2025-10-03,59208.88,4
BK00350,F00087,Business,2025-07-28,9306.96,4
BK00351,F00113,Premium Economy,2025-01-31,26926.12,3
BK00352,F00157,Business,2025-09-07,131154.78,4
BK00353,F00230,Economy,2025-07-21,122994.31,4
BK00354,F00208,Premium Economy,2026-01-11,59703.58,5
BK00355,F00088,Business,2025-03-31,96139.99,5
BK00356,F00112,Business,2025-06-06,104165.39,1
BK00357,F00015,Premium Economy,2025-10-28,94819.24,3
BK00358,F00233,Business,2026-01-20,93010.46,4
BK00359,F00103,Business,2026-04-23,9871.13,5
BK00360,F00101,Economy,2026-05-20,22414.95,4
BK00361,F00069,Economy,2025-05-17,44771.16,3
BK00362,F00201,Business,2025-07-06,132723.34,1
BK00363,F00232,Business,2026-06-04,89562.46,5
BK00364,F00013,Economy,2025-10-31,21170.25,4
BK00365,F00211,Premium Economy,2025-06-22,128990.9,2
BK00366,F00232,Premium Economy,2026-07-04,94974.09,5
BK00367,F00107,Business,2025-01-18,17300.69,5
BK00368,F00069,Economy,2025-03-12,103011.9,4
BK00369,F00100,Premium Economy,2025-04-27,60710.25,5
BK00370,F00169,Economy,2026-01-16,94244.08,4
BK00371,F00007,Business,2025-10-30,98421.1,5
BK00372,F00086,Business,2025-08-31,48782.03,1
BK00373,F00179,Premium Economy,2025-06-10,61029.01,1
BK00374,F00213,Economy,2025-10-06,64927.24,2
BK00375,F00018,Business,2025-06-30,56895.01,5
BK00376,F00124,Economy,2025-01-30,21139.75,1
BK00377,F00229,Premium Economy,2025-01-07,7528.88,1
BK00378,F00143,Premium Economy,2026-03-21,78988.44,2
BK00379,F00079,Economy,2026-03-10,20889.73,3
BK00380,F00132,Premium Economy,2025-03-01,142780.41,1
BK00381,F00211,Economy,2025-12-03,118038.5,5
BK00382,F00039,Business,2025-11-04,48705.47,4
BK00383,F00205,Business,2025-05-20,49151.07,2
BK00384,F00072,Premium Economy,2026-03-23,148420.45,4
BK00385,F00096,Business,2025-03-04,93063.76,4
BK00386,F00179,Premium Economy,2026-05-17,5643.21,2
BK00387,F00080,Premium Economy,2026-08-01,77160.33,2
BK00388,F00188,Premium Economy,2026-07-14,111493.37,5
BK00389,F00091,Business,2025-12-19,11993.74,1
BK00390,F00022,Premium Economy,2026-07-25,92743.85,4
BK00391,F00007,Business,2026-09-08,141910.65,3
BK00392,F00013,Premium Economy,2025-01-22,2091.72,3
BK00393,F00072,Premium Economy,2026-07-06,109231.07,3
BK00394,F00055,Economy,2025-03-04,63181.71,1
BK00395,F00239,Business,2025-11-07,72700.28,5
BK00396,F00237,Economy,2025-12-23,48642.21,2
BK00397,F00005,Business,2025-02-20,9857.52,2
BK00398,F00223,Economy,2025-12-25,137125.11,4
BK00399,F00157,Business,2026-04-29,37280.54,3
BK00400,F00208,Economy,2025-01-29,50546.88,4
BK00401,F00118,Economy,2026-02-18,22632.32,3
BK00402,F00095,Economy,2025-07-27,18053.66,1
BK00403,F00095,Business,2025-03-26,129067.38,2
BK00404,F00023,Premium Economy,2026-04-09,83771.75,4
BK00405,F00035,Premium Economy,2025-06-25,94495.1,2
BK00406,F00107,Business,2026-08-04,91598.87,5
BK00407,F00207,Economy,2025-05-30,101703.09,5
BK00408,F00038,Premium Economy,2026-08-20,42527.92,2
BK00409,F00106,Premium Economy,2026-03-27,89349.07,5
BK00410,F00174,Business,2025-02-04,126110.75,2
BK00411,F00245,Economy,2025-10-14,114457.55,5
BK00412,F00088,Premium Economy,2025-03-03,61250.66,1
BK00413,F00016,Business,2025-02-09,144876.57,3
BK00414,F00067,Economy,2025-05-11,127873.14,4
BK00415,F00121,Business,2025-02-11,130416.38,2
BK00416,F00065,Premium Economy,2026-08-15,72848.83,5
BK00417,F00134,Economy,2025-06-09,16971.79,4
BK00418,F00225,Business,2026-07-24,71005.67,4
BK00419,F00020,Economy,2026-05-12,107270.68,1
BK00420,F00120,Business,2026-07-19,72768.35,2
BK00421,F00024,Business,2026-05-17,95862.08,5
BK00422,F00121,Business,2025-08-11,44475.98,1
BK00423,F00198,Economy,2026-08-15,131604.05,2
BK00424,F00245,Economy,2026-06-27,9991.41,3
BK00425,F00173,Economy,2026-07-17,93137.17,1
BK00426,F00192,Economy,2025-02-02,32647.09,2
BK00427,F00188,Business,2025-09-11,24287.27,3
BK00428,F00012,Business,2025-11-14,93190.38,4
BK00429,F00085,Economy,2025-08-20,103564.1,4
BK00430,F00231,Economy,2026-04-23,111652.0,3
BK00431,F00071,Business,2026-07-03,36035.2,2
BK00432,F00134,Premium Economy,2026-04-12,94040.03,4
BK00433,F00087,Business,2025-11-04,122146.8,3
BK00434,F00066,Economy,2025-08-19,141928.8,3
BK00435,F00086,Economy,2025-05-21,143151.83,3
BK00436,F00205,Economy,2025-01-23,67661.95,2
BK00437,F00179,Economy,2026-04-12,29819.2,4
BK00438,F00027,Economy,2025-08-26,105766.88,1
BK00439,F00157,Economy,2026-04-09,62769.77,1
BK00440,F00072,Business,2026-05-11,112240.6,1
BK00441,F00066,Premium Economy,2026-01-18,5627.48,2
BK00442,F00112,Economy,2025-06-26,100846.68,3
BK00443,F00170,Economy,2025-01-10,43359.03,3
BK00444,F00062,Premium Economy,2026-03-20,74876.81,1
BK00445,F00137,Economy,2025-09-04,14602.96,3
BK00446,F00164,Business,2026-06-10,2869.09,4
BK00447,F00103,Premium Economy,2026-04-28,14308.73,2
BK00448,F00165,Premium Economy,2025-03-14,36840.93,5
BK00449,F00084,Economy,2025-09-28,29927.18,1
