farm_id,farmer_name,district,crop_type,farm_size_acre
FM0001,Anita,Nalanda,Vegetable,14.97
FM0002,Ramesh,Gaya,Rice,9.76
FM0003,Mahesh,Gaya,Vegetable,9.57
FM0004,Ramesh,Gaya,Wheat,36.36
FM0005,Mahesh,Patna,Vegetable,34.67
FM0006,Suresh,Nalanda,Potato,43.94
FM0007,Sunita,Arrah,Vegetable,26.47
FM0008,Mahesh,Arrah,Potato,18.96
FM0009,Suresh,Buxar,Vegetable,19.55
FM0010,Ramesh,Arrah,Wheat,37.9
FM0011,Ramesh,Nalanda,Rice,44.87
FM0012,Suresh,Buxar,Maize,13.66
FM0013,Suresh,Buxar,Vegetable,36.44
FM0014,Suresh,Patna,Wheat,30.05
FM0015,Ramesh,Nalanda,Vegetable,5.41
FM0016,Sunita,Patna,Maize,26.53
FM0017,Ramesh,Gaya,Vegetable,48.69
FM0018,Suresh,Buxar,Potato,1.75
FM0019,Anita,Buxar,Wheat,38.81
FM0020,Anita,Gaya,Maize,39.56
FM0021,Mahesh,Patna,Rice,27.0
FM0022,Mahesh,Buxar,Maize,32.52
FM0023,Ramesh,Arrah,Wheat,5.35
FM0024,Suresh,Patna,Potato,42.15
FM0025,Anita,Gaya,Wheat,32.49
FM0026,Sunita,Arrah,Vegetable,41.82
FM0027,Ramesh,Buxar,Rice,42.47
FM0028,Anita,Patna,Rice,25.37
FM0029,Mahesh,Gaya,Wheat,48.48
FM0030,Mahesh,Buxar,Maize,24.2
FM0031,Anita,Buxar,Maize,24.04
FM0032,Ramesh,Nalanda,Wheat,22.26
FM0033,Suresh,Patna,Maize,11.96
FM0034,Suresh,Arrah,Maize,8.75
FM0035,Anita,Arrah,Rice,30.56
FM0036,Sunita,Buxar,Wheat,25.5
FM0037,Mahesh,Arrah,Vegetable,34.67
FM0038,Anita,Nalanda,Wheat,5.44
FM0039,Mahesh,Gaya,Vegetable,26.0
FM0040,Mahesh,Buxar,Rice,45.74
FM0041,Ramesh,Arrah,Maize,25.3
FM0042,Ramesh,Gaya,Maize,32.52
FM0043,Anita,Nalanda,Maize,8.5
FM0044,Ramesh,Gaya,Maize,7.32
FM0045,Ramesh,Patna,Wheat,47.89
FM0046,Ramesh,Buxar,Wheat,6.99
FM0047,Suresh,Nalanda,Maize,24.27
FM0048,Sunita,Buxar,Wheat,34.49
FM0049,Anita,Arrah,Rice,17.97
FM0050,Suresh,Arrah,Vegetable,25.66
FM0051,Ramesh,Buxar,Vegetable,37.89
FM0052,Suresh,Buxar,Rice,31.88
FM0053,Sunita,Patna,Vegetable,2.77
FM0054,Ramesh,Arrah,Maize,25.45
FM0055,Ramesh,Buxar,Maize,36.13
FM0056,Suresh,Nalanda,Vegetable,17.9
FM0057,Mahesh,Arrah,Potato,47.64
FM0058,Anita,Arrah,Rice,14.4
FM0059,Mahesh,Patna,Maize,32.92
FM0060,Suresh,Patna,Vegetable,44.1
FM0061,Anita,Nalanda,Wheat,29.89
FM0062,Suresh,Patna,Vegetable,42.63
FM0063,Suresh,Gaya,Maize,48.4
FM0064,Anita,Buxar,Vegetable,19.94
FM0065,Sunita,Gaya,Potato,14.08
FM0066,Suresh,Arrah,Maize,48.13
FM0067,Anita,Patna,Wheat,31.33
FM0068,Anita,Arrah,Rice,29.31
FM0069,Suresh,Gaya,Vegetable,45.93
FM0070,Anita,Gaya,Potato,19.12
FM0071,Suresh,Nalanda,Maize,44.78
FM0072,Sunita,Arrah,Vegetable,40.64
FM0073,Anita,Patna,Potato,29.11
FM0074,Sunita,Nalanda,Vegetable,36.99
FM0075,Ramesh,Arrah,Rice,39.35
FM0076,Sunita,Nalanda,Potato,22.79
FM0077,Ramesh,Arrah,Rice,3.94
FM0078,Anita,Gaya,Maize,40.12
FM0079,Suresh,Patna,Vegetable,4.43
FM0080,Anita,Nalanda,Wheat,17.64
FM0081,Sunita,Arrah,Potato,13.69
FM0082,Anita,Buxar,Potato,24.01
FM0083,Anita,Gaya,Maize,41.48
FM0084,Suresh,Patna,Vegetable,35.25
FM0085,Suresh,Nalanda,Potato,8.88
FM0086,Mahesh,Nalanda,Potato,42.1
FM0087,Anita,Patna,Rice,25.14
FM0088,Anita,Buxar,Rice,33.56
FM0089,Ramesh,Gaya,Vegetable,45.09
FM0090,Ramesh,Gaya,Wheat,32.54
FM0091,Anita,Nalanda,Vegetable,45.35
FM0092,Mahesh,Buxar,Vegetable,43.35
FM0093,Sunita,Nalanda,Maize,12.92
FM0094,Suresh,Patna,Wheat,19.26
FM0095,Mahesh,Nalanda,Maize,18.54
FM0096,Suresh,Patna,Rice,39.16
FM0097,Anita,Patna,Potato,49.2
FM0098,Ramesh,Nalanda,Wheat,47.65
FM0099,Anita,Nalanda,Potato,15.52
FM0100,Suresh,Nalanda,Vegetable,7.51
FM0101,Anita,Arrah,Maize,25.59
FM0102,Anita,Nalanda,Potato,2.15
FM0103,Sunita,Nalanda,Potato,19.53
FM0104,Ramesh,Patna,Vegetable,37.02
FM0105,Sunita,Patna,Rice,42.31
FM0106,Anita,Arrah,Vegetable,5.4
FM0107,Mahesh,Arrah,Rice,2.78
FM0108,Ramesh,Gaya,Maize,5.83
FM0109,Suresh,Arrah,Potato,12.3
FM0110,Suresh,Arrah,Rice,42.01
FM0111,Anita,Arrah,Vegetable,38.15
FM0112,Mahesh,Nalanda,Rice,4.24
FM0113,Anita,Patna,Rice,21.91
FM0114,Anita,Nalanda,Vegetable,45.04
FM0115,Suresh,Arrah,Potato,40.91
FM0116,Anita,Nalanda,Wheat,46.09
FM0117,Mahesh,Gaya,Maize,12.55
FM0118,Suresh,Nalanda,Vegetable,43.45
FM0119,Suresh,Arrah,Maize,25.29
FM0120,Sunita,Buxar,Potato,26.96
FM0121,Anita,Buxar,Vegetable,3.35
FM0122,Mahesh,Arrah,Wheat,16.76
FM0123,Suresh,Patna,Maize,28.75
FM0124,Suresh,Patna,Maize,12.61
FM0125,Anita,Patna,Wheat,27.03
FM0126,Mahesh,Gaya,Potato,12.85
FM0127,Mahesh,Patna,Potato,49.15
FM0128,Sunita,Gaya,Wheat,47.72
FM0129,Sunita,Patna,Maize,11.63
FM0130,Suresh,Arrah,Maize,23.68
FM0131,Suresh,Buxar,Potato,34.56
FM0132,Sunita,Arrah,Vegetable,49.43
FM0133,Ramesh,Arrah,Maize,15.17
FM0134,Suresh,Arrah,Maize,25.86
FM0135,Sunita,Patna,Rice,24.63
FM0136,Anita,Gaya,Vegetable,23.0
FM0137,Suresh,Buxar,Wheat,33.2
FM0138,Suresh,Gaya,Rice,30.94
FM0139,Sunita,Patna,Vegetable,21.38
FM0140,Mahesh,Buxar,Maize,26.09
FM0141,Ramesh,Patna,Potato,34.69
FM0142,Anita,Patna,Potato,3.73
FM0143,Mahesh,Nalanda,Wheat,43.73
FM0144,Anita,Nalanda,Wheat,11.42
FM0145,Sunita,Patna,Maize,23.38
FM0146,Ramesh,Nalanda,Rice,31.65
FM0147,Anita,Arrah,Potato,10.49
FM0148,Mahesh,Patna,Vegetable,23.35
FM0149,Mahesh,Arrah,Rice,46.46
FM0150,Anita,Patna,Rice,5.13
FM0151,Ramesh,Nalanda,Vegetable,38.66
FM0152,Mahesh,Buxar,Rice,20.42
FM0153,Sunita,Arrah,Maize,15.12
FM0154,Anita,Patna,Wheat,43.83
FM0155,Suresh,Gaya,Vegetable,14.23
FM0156,Anita,Nalanda,Vegetable,1.15
FM0157,Ramesh,Buxar,Vegetable,45.84
FM0158,Ramesh,Arrah,Wheat,38.95
FM0159,Ramesh,Arrah,Maize,22.31
FM0160,Anita,Buxar,Potato,14.44
FM0161,Suresh,Buxar,Maize,4.76
FM0162,Anita,Patna,Wheat,24.31
FM0163,Sunita,Nalanda,Wheat,35.31
FM0164,Mahesh,Arrah,Vegetable,9.64
FM0165,Suresh,Patna,Maize,32.9
FM0166,Suresh,Buxar,Maize,20.03
FM0167,Sunita,Buxar,Maize,48.11
FM0168,Mahesh,Patna,Maize,40.92
FM0169,Suresh,Nalanda,Potato,2.47
FM0170,Ramesh,Nalanda,Rice,11.81
FM0171,Ramesh,Nalanda,Rice,12.79
FM0172,Mahesh,Nalanda,Vegetable,16.58
FM0173,Suresh,Gaya,Wheat,21.22
FM0174,Mahesh,Gaya,Vegetable,27.87
FM0175,Anita,Gaya,Potato,15.99
FM0176,Suresh,Buxar,Potato,19.67
FM0177,Mahesh,Patna,Rice,43.12
FM0178,Sunita,Buxar,Maize,13.87
FM0179,Sunita,Nalanda,Maize,49.82
FM0180,Anita,Patna,Vegetable,37.01
FM0181,Suresh,Nalanda,Potato,20.48
FM0182,Mahesh,Nalanda,Wheat,24.98
FM0183,Sunita,Patna,Vegetable,40.07
FM0184,Ramesh,Buxar,Potato,33.11
FM0185,Sunita,Buxar,Potato,9.48
FM0186,Ramesh,Gaya,Wheat,29.08
FM0187,Mahesh,Gaya,Wheat,18.87
FM0188,Suresh,Buxar,Rice,30.69
FM0189,Suresh,Nalanda,Wheat,45.22
FM0190,Anita,Patna,Potato,23.96
FM0191,Suresh,Buxar,Vegetable,37.04
FM0192,Sunita,Arrah,Potato,34.3
FM0193,Anita,Arrah,Maize,42.29
FM0194,Anita,Patna,Maize,39.13
FM0195,Suresh,Gaya,Maize,44.64
FM0196,Sunita,Gaya,Potato,23.13
FM0197,Ramesh,Gaya,Rice,40.61
FM0198,Ramesh,Nalanda,Potato,9.39
FM0199,Anita,Nalanda,Maize,47.75
FM0200,Anita,Buxar,Potato,48.83
FM0201,Mahesh,Patna,Maize,27.41
FM0202,Suresh,Arrah,Maize,47.33
FM0203,Anita,Gaya,Rice,35.11
FM0204,Ramesh,Patna,Vegetable,22.94
FM0205,Sunita,Nalanda,Potato,37.33
FM0206,Suresh,Nalanda,Rice,1.48
FM0207,Anita,Gaya,Vegetable,30.73
FM0208,Suresh,Patna,Vegetable,45.55
FM0209,Mahesh,Gaya,Vegetable,40.63
FM0210,Ramesh,Buxar,Potato,4.64
FM0211,Sunita,Buxar,Maize,1.44
FM0212,Suresh,Buxar,Maize,46.56
FM0213,Mahesh,Gaya,Maize,44.83
FM0214,Suresh,Patna,Wheat,35.61
FM0215,Suresh,Gaya,Potato,44.24
FM0216,Sunita,Nalanda,Rice,6.03
FM0217,Sunita,Arrah,Potato,36.45
FM0218,Ramesh,Patna,Vegetable,16.55
FM0219,Anita,Patna,Potato,11.45
