harvest_id,farm_id,harvest_date,yield_kg,revenue,water_liters
HV00001,FM0063,2025-05-31,13619.36,98008.34,321625.6
HV00002,FM0002,2026-05-23,47737.12,127038.88,338347.3
HV00003,FM0027,2025-11-24,18903.25,448705.8,372648.94
HV00004,FM0060,2025-07-30,4934.8,399836.45,335032.31
HV00005,FM0107,2025-11-05,45368.72,80969.95,308017.36
HV00006,FM0215,2025-02-06,43566.22,218778.35,451373.43
HV00007,FM0212,2025-07-08,49612.03,132698.39,242404.26
HV00008,FM0215,2026-08-14,43144.69,256523.99,341407.6
HV00009,FM0215,2026-07-20,24821.59,395564.66,1645.47
HV00010,FM0207,2026-02-03,5647.07,314210.19,22938.21
HV00011,FM0008,2025-01-14,48564.49,218814.51,203043.23
HV00012,FM0006,2025-09-03,26418.77,212421.52,198888.21
HV00013,FM0027,2026-04-14,6967.35,7612.28,354723.81
HV00014,FM0122,2026-06-09,26749.49,474162.44,145984.18
HV00015,FM0049,2026-02-14,29068.88,237292.88,190313.57
HV00016,FM0066,2025-01-19,19456.11,26001.84,57327.75
HV00017,FM0112,2025-03-29,33454.85,308254.43,214327.28
HV00018,FM0215,2026-08-08,39541.56,23362.48,435059.02
HV00019,FM0152,2025-01-09,11207.05,440111.81,384123.05
HV00020,FM0068,2026-02-24,40901.47,286334.4,49519.16
HV00021,FM0138,2025-04-07,13260.16,30618.13,340517.37
HV00022,FM0105,2026-09-29,8351.7,264866.55,342737.78
HV00023,FM0213,2025-03-18,35719.36,181597.91,483271.2
HV00024,FM0096,2026-03-09,46387.03,419436.85,127796.63
HV00025,FM0141,2026-07-08,41678.53,110620.61,91299.13
HV00026,FM0071,2025-01-23,22840.72,468905.59,416442.79
HV00027,FM0126,2026-04-14,17545.22,374287.95,134223.13
HV00028,FM0215,2025-07-24,1758.7,33507.44,88481.51
HV00029,FM0071,2026-03-06,3833.1,104040.39,469598.32
HV00030,FM0174,2026-07-26,24344.35,444789.99,100875.49
HV00031,FM0125,2025-02-09,8412.78,142910.63,166443.83
HV00032,FM0105,2025-12-13,10089.13,270012.95,105845.65
HV00033,FM0217,2025-11-23,5438.32,263589.68,76298.37
HV00034,FM0154,2025-10-30,24899.03,29595.17,423171.17
HV00035,FM0060,2025-04-27,29232.39,393820.36,254675.69
HV00036,FM0076,2025-09-21,25301.03,281220.71,376610.09
HV00037,FM0041,2026-01-09,14391.04,25778.98,119657.65
HV00038,FM0131,2026-07-26,46648.98,35032.39,263071.14
HV00039,FM0018,2025-12-07,18441.66,209087.68,374126.28
HV00040,FM0190,2026-01-17,44441.68,22550.94,253572.24
HV00041,FM0018,2026-09-12,42778.58,139641.32,431027.0
HV00042,FM0051,2025-01-23,27002.33,487221.76,334950.87
HV00043,FM0105,2025-10-08,19474.7,228074.8,457078.08
HV00044,FM0179,2026-03-10,26790.44,95864.51,125000.43
HV00045,FM0201,2025-07-06,29491.95,113724.93,491286.64
HV00046,FM0018,2025-07-15,40349.43,209871.14,333769.7
HV00047,FM0048,2026-05-27,8205.62,430406.92,188599.88
HV00048,FM0192,2025-04-20,6966.53,201080.95,303349.11
HV00049,FM0082,2025-09-28,10203.31,446881.67,53280.55
HV00050,FM0113,2025-10-10,5009.89,275528.53,294201.89
HV00051,FM0077,2025-11-26,2763.13,10636.87,409582.17
HV00052,FM0169,2026-06-29,37121.45,373729.55,32873.55
HV00053,FM0094,2025-05-15,7134.81,289173.19,207699.53
HV00054,FM0018,2025-11-09,6550.96,75355.94,409533.21
HV00055,FM0146,2025-10-27,24094.84,378073.53,45538.82
HV00056,FM0018,2025-07-10,39406.76,209142.77,421169.08
HV00057,FM0063,2025-09-20,13312.04,211266.01,210372.94
HV00058,FM0048,2025-08-08,9686.59,435006.93,118212.87
HV00059,FM0189,2026-04-27,30013.56,253076.3,166096.9
HV00060,FM0030,2026-05-03,48766.4,396600.52,360051.22
HV00061,FM0006,2026-03-13,5593.34,486417.19,199092.91
HV00062,FM0189,2025-10-03,46243.38,55890.74,152325.23
HV00063,FM0174,2026-08-26,28850.72,410013.53,341239.07
HV00064,FM0040,2025-09-27,14449.73,387336.03,416777.55
HV00065,FM0153,2026-02-25,30677.87,408809.33,20883.7
HV00066,FM0219,2025-04-03,24856.69,69848.98,372081.6
HV00067,FM0110,2025-06-16,17267.81,175389.99,427769.38
HV00068,FM0159,2026-05-30,10583.22,272769.02,261546.22
HV00069,FM0215,2025-06-30,4103.01,155732.2,147923.2
HV00070,FM0009,2026-09-28,36325.11,424757.11,183873.26
HV00071,FM0132,2025-08-08,17270.21,439757.01,477157.55
HV00072,FM0007,2026-06-28,27743.21,154049.82,269237.89
HV00073,FM0066,2026-08-18,21259.99,51899.17,65133.09
HV00074,FM0182,2025-12-30,19930.96,397558.61,291760.63
HV00075,FM0158,2026-04-09,1970.73,182810.87,184653.04
HV00076,FM0022,2025-07-18,4729.82,461057.47,196117.72
HV00077,FM0187,2025-08-23,27762.18,335174.45,424716.36
HV00078,FM0033,2025-09-05,47363.57,238432.69,150022.38
HV00079,FM0121,2026-03-08,5137.01,252115.22,479275.83
HV00080,FM0006,2025-09-28,38999.65,154792.08,469438.97
HV00081,FM0192,2025-01-02,28084.49,167602.62,239724.41
HV00082,FM0200,2025-09-25,35976.88,134563.62,301708.02
HV00083,FM0126,2025-02-01,42277.06,373026.65,225857.13
HV00084,FM0181,2025-08-21,5428.09,390543.45,210533.53
HV00085,FM0189,2025-02-28,24744.13,346976.24,53841.46
HV00086,FM0154,2026-04-22,47462.33,11083.61,132478.75
HV00087,FM0117,2026-05-27,49340.55,356857.03,346249.29
HV00088,FM0015,2025-04-16,36432.13,239311.63,232040.44
HV00089,FM0111,2025-01-31,7112.73,422209.97,61743.08
HV00090,FM0202,2026-01-25,40662.48,432664.84,303106.55
HV00091,FM0082,2025-08-05,212.28,222846.4,364013.18
HV00092,FM0124,2025-07-30,28223.05,217960.67,370761.88
HV00093,FM0164,2026-08-06,29868.8,21476.32,259701.8
HV00094,FM0120,2025-03-02,23660.13,121625.79,137726.89
HV00095,FM0079,2025-10-15,31348.95,212716.18,99448.77
HV00096,FM0124,2025-02-24,12219.05,222191.67,36351.56
HV00097,FM0150,2026-08-07,20999.19,214115.19,92335.6
HV00098,FM0152,2025-01-10,7648.89,287483.03,236096.06
HV00099,FM0146,2026-06-11,5404.9,150079.06,467186.78
HV00100,FM0086,2026-08-17,37707.34,253938.77,75516.77
HV00101,FM0092,2025-02-28,27891.04,72369.72,458606.37
HV00102,FM0216,2026-07-05,39770.83,71276.88,176340.1
HV00103,FM0084,2026-09-15,15428.55,187573.7,245998.31
HV00104,FM0061,2025-01-04,31748.65,17569.15,474977.24
HV00105,FM0031,2025-06-30,15649.81,372676.63,395329.4
HV00106,FM0056,2025-10-14,32211.58,476933.08,165713.44
HV00107,FM0058,2026-02-17,37945.78,383631.53,384519.17
HV00108,FM0194,2025-01-19,32393.12,313765.83,484733.23
HV00109,FM0126,2026-05-05,49175.7,385880.5,74332.34
HV00110,FM0029,2025-09-15,4414.56,425552.79,468991.08
HV00111,FM0166,2026-03-17,9532.86,26289.21,441993.08
HV00112,FM0182,2025-02-03,26369.55,364864.45,218591.93
HV00113,FM0176,2026-05-25,21427.88,7025.69,47001.93
HV00114,FM0023,2026-05-25,1033.67,389653.39,310949.43
HV00115,FM0113,2025-07-25,5553.83,71464.3,212784.36
HV00116,FM0004,2025-03-16,8594.81,122744.6,252691.76
HV00117,FM0102,2026-08-10,46030.95,472984.72,24196.04
HV00118,FM0027,2025-10-21,23275.15,422582.37,90073.9
HV00119,FM0070,2026-05-01,30737.41,271528.26,116532.54
HV00120,FM0130,2025-07-19,6612.42,207580.11,26852.52
HV00121,FM0073,2025-08-22,33211.97,284950.22,372407.39
HV00122,FM0108,2026-01-12,28180.22,126157.32,258198.24
HV00123,FM0048,2025-07-29,10618.12,376927.83,398044.77
HV00124,FM0202,2025-09-07,11821.37,187007.49,112588.2
HV00125,FM0010,2025-12-02,39812.22,419431.95,489061.18
HV00126,FM0156,2026-02-03,39995.68,414082.2,188822.98
HV00127,FM0028,2026-08-26,21505.33,430045.99,166222.66
HV00128,FM0053,2025-12-23,46605.71,384247.33,258672.32
HV00129,FM0015,2025-12-17,33171.01,496290.24,438821.39
HV00130,FM0039,2025-11-02,5137.39,219252.27,446526.31
HV00131,FM0168,2025-09-24,16349.69,240625.14,394832.29
HV00132,FM0194,2025-12-03,27796.23,41365.73,332090.97
HV00133,FM0083,2026-02-02,35601.8,146965.09,153741.09
HV00134,FM0186,2025-07-26,5871.72,318817.05,45671.95
HV00135,FM0196,2025-10-25,901.42,123304.91,489474.29
HV00136,FM0178,2025-01-20,43798.06,104672.23,303825.76
HV00137,FM0037,2026-08-14,30122.2,204169.23,99798.6
HV00138,FM0062,2026-08-20,34156.39,156728.27,39508.05
HV00139,FM0033,2025-08-09,16139.12,193653.83,401586.01
HV00140,FM0044,2026-01-28,47093.42,277948.3,198578.95
HV00141,FM0095,2026-05-03,28551.36,401310.25,184404.63
HV00142,FM0036,2026-07-12,4838.97,402042.02,195302.94
HV00143,FM0040,2025-05-23,41309.64,396455.7,264275.29
HV00144,FM0089,2026-02-12,35465.24,348422.5,413281.59
HV00145,FM0123,2026-06-21,860.36,315904.89,127871.48
HV00146,FM0069,2025-08-03,24766.96,6557.52,450498.06
HV00147,FM0155,2025-03-18,38610.85,300855.47,141090.84
HV00148,FM0089,2026-05-14,34347.35,325094.93,467368.14
HV00149,FM0157,2026-05-23,30886.81,274243.09,248147.72
HV00150,FM0075,2025-09-21,5186.61,456498.39,18696.61
HV00151,FM0029,2025-03-08,26274.32,413320.95,280068.79
HV00152,FM0203,2025-08-14,39274.03,309876.45,448966.44
HV00153,FM0001,2025-05-28,17026.2,407996.85,342407.42
HV00154,FM0115,2025-04-21,7634.47,416699.66,321591.97
HV00155,FM0017,2025-04-04,35291.05,357743.94,63509.68
HV00156,FM0157,2025-10-11,48674.99,459612.95,493672.57
HV00157,FM0075,2025-06-11,46991.9,354289.25,161179.98
HV00158,FM0142,2026-07-02,24550.38,186665.11,321161.17
HV00159,FM0208,2025-11-12,4970.52,133342.5,420620.6
HV00160,FM0214,2025-08-17,11556.61,485080.02,117937.11
HV00161,FM0214,2025-03-28,23981.47,223356.27,489953.04
HV00162,FM0110,2025-07-15,29232.96,137661.63,253707.8
HV00163,FM0201,2026-03-24,30697.06,412451.57,155992.57
HV00164,FM0074,2025-01-19,47889.26,400590.87,11786.05
HV00165,FM0128,2025-12-31,49721.45,475887.17,146625.55
HV00166,FM0010,2026-08-12,2643.36,491619.8,266925.07
HV00167,FM0081,2026-02-20,42578.76,103299.44,1026.05
HV00168,FM0003,2025-09-02,30175.74,468457.01,216135.92
HV00169,FM0044,2025-07-10,25474.42,208700.21,112106.04
HV00170,FM0070,2026-01-03,26396.05,248913.97,154227.75
HV00171,FM0016,2025-08-13,17501.04,44524.79,452649.41
HV00172,FM0120,2025-07-19,46441.26,96025.92,400649.12
HV00173,FM0082,2026-02-17,43144.01,486131.4,260523.58
HV00174,FM0064,2026-02-18,31387.67,32659.22,314085.44
HV00175,FM0107,2026-08-10,41658.01,125141.3,317560.66
HV00176,FM0063,2025-05-12,20183.23,353157.3,223000.19
HV00177,FM0121,2026-08-03,16608.22,140543.3,241353.16
HV00178,FM0173,2025-11-16,32497.89,97621.88,476910.0
HV00179,FM0137,2025-04-04,1869.86,453702.09,26412.63
HV00180,FM0019,2026-07-29,34033.17,167904.71,62394.35
HV00181,FM0055,2025-12-30,12955.09,311825.85,217459.44
HV00182,FM0169,2025-09-29,3834.11,429568.3,139293.12
HV00183,FM0013,2025-11-02,155.33,85410.4,87598.14
HV00184,FM0050,2026-06-29,35572.75,236835.32,468896.24
HV00185,FM0028,2025-12-21,17689.95,204444.55,354728.8
HV00186,FM0094,2026-06-12,40785.66,436885.93,474178.77
HV00187,FM0044,2025-04-15,3865.36,223576.5,396213.35
HV00188,FM0017,2025-02-05,5396.02,336441.49,92277.61
HV00189,FM0115,2025-05-01,28518.44,426783.43,314780.27
HV00190,FM0064,2026-01-31,40979.11,56739.56,334689.06
HV00191,FM0142,2026-05-23,41701.64,485916.18,311033.27
HV00192,FM0092,2025-12-12,21503.91,469208.98,417029.52
HV00193,FM0032,2026-07-21,42530.67,351245.06,223502.23
HV00194,FM0046,2025-09-25,31082.33,77337.42,446067.74
HV00195,FM0148,2026-02-05,2413.57,366834.67,160671.54
HV00196,FM0129,2026-08-08,35749.9,400172.35,413870.11
HV00197,FM0183,2025-12-16,14088.04,342347.82,296749.96
HV00198,FM0185,2025-01-06,39238.9,247088.84,233204.31
HV00199,FM0087,2025-03-03,5390.0,243412.57,323452.61
HV00200,FM0102,2025-06-27,23716.78,369651.41,329966.2
HV00201,FM0173,2025-05-01,6153.22,19223.66,325933.49
HV00202,FM0070,2025-08-22,30112.15,332900.03,357432.43
HV00203,FM0114,2026-09-16,13946.23,415152.31,28987.08
HV00204,FM0168,2026-05-25,7397.39,56567.6,466148.35
HV00205,FM0103,2025-01-02,40646.93,208113.81,402507.89
HV00206,FM0137,2025-06-02,45366.98,444613.43,104772.83
HV00207,FM0207,2026-03-16,21616.36,409746.33,228704.29
HV00208,FM0106,2026-04-03,12348.28,467599.93,228418.86
HV00209,FM0170,2025-07-18,12620.31,312648.43,467494.66
HV00210,FM0015,2026-04-14,29273.79,480376.33,292383.38
HV00211,FM0068,2025-02-26,4865.43,257788.19,464192.12
HV00212,FM0112,2026-07-06,3785.58,124341.01,65026.64
HV00213,FM0140,2026-06-02,15439.74,185576.55,264936.05
HV00214,FM0186,2025-04-12,32616.7,485303.75,434253.59
HV00215,FM0006,2025-12-18,27242.63,486737.04,337750.29
HV00216,FM0180,2025-01-10,32259.18,243000.46,454763.62
HV00217,FM0141,2026-06-04,14117.18,161269.7,326971.28
HV00218,FM0159,2026-08-26,28649.18,36663.99,147329.04
HV00219,FM0066,2025-10-03,36192.29,458885.37,114974.82
HV00220,FM0162,2025-06-07,27297.76,304355.52,36968.76
HV00221,FM0022,2026-08-29,14080.02,262916.6,132895.07
HV00222,FM0117,2026-01-15,43745.06,264631.44,465838.65
HV00223,FM0164,2025-06-04,46332.3,459756.84,14571.47
HV00224,FM0097,2025-11-24,23480.18,263326.61,178406.99
HV00225,FM0088,2025-07-14,20409.39,303357.15,244484.14
HV00226,FM0205,2025-12-14,9466.91,28168.7,304469.45
HV00227,FM0207,2025-10-25,14894.34,58136.56,475656.51
HV00228,FM0167,2026-07-20,24882.8,196076.66,462316.54
HV00229,FM0098,2025-06-06,22817.58,361122.19,243891.3
HV00230,FM0183,2026-04-19,899.55,53537.14,209889.44
HV00231,FM0041,2026-08-01,14794.46,366501.72,486926.39
HV00232,FM0017,2025-08-13,10166.0,123213.94,464908.39
HV00233,FM0128,2025-12-11,1256.95,51324.08,322222.4
HV00234,FM0201,2026-07-21,10101.79,181223.92,393421.49
HV00235,FM0008,2026-04-11,25267.65,37597.21,223063.5
HV00236,FM0018,2025-09-23,21467.35,249697.32,247415.32
HV00237,FM0128,2025-01-26,1790.98,408908.15,282912.26
HV00238,FM0109,2025-07-09,43780.69,221415.74,393907.83
HV00239,FM0056,2026-02-19,20447.09,168317.6,371511.04
HV00240,FM0061,2026-01-28,43814.01,253696.83,241285.43
HV00241,FM0211,2025-11-12,44617.73,299567.91,381749.39
HV00242,FM0072,2025-02-12,20790.54,486820.35,356507.47
HV00243,FM0218,2026-08-12,8789.57,167124.81,402044.94
HV00244,FM0184,2026-02-07,37873.9,168642.71,325150.89
HV00245,FM0144,2026-05-23,22674.45,304918.63,193810.75
HV00246,FM0206,2025-02-20,30658.31,350806.43,468574.99
HV00247,FM0175,2026-01-22,23459.48,168463.32,487809.37
HV00248,FM0179,2025-12-03,26348.8,268108.34,310787.2
HV00249,FM0116,2026-09-22,35049.81,392001.51,452903.29
HV00250,FM0076,2025-10-28,38079.11,369640.8,243952.36
HV00251,FM0158,2025-11-26,2129.91,188122.94,36877.02
HV00252,FM0208,2025-09-05,26004.56,78707.19,477412.63
HV00253,FM0107,2026-04-10,1849.11,195315.65,155634.72
HV00254,FM0078,2026-03-18,21695.51,416224.56,68172.44
HV00255,FM0106,2025-08-31,11664.89,177631.53,82525.23
HV00256,FM0030,2025-09-01,24525.14,497876.52,105463.97
HV00257,FM0140,2025-11-01,22183.22,369232.48,64337.86
HV00258,FM0104,2025-09-20,46083.74,471860.21,284102.7
HV00259,FM0026,2025-03-06,48632.04,332341.03,299501.23
HV00260,FM0046,2026-07-24,4925.48,72789.64,293666.62
HV00261,FM0074,2026-09-30,25715.67,262156.51,227375.04
HV00262,FM0036,2025-01-12,2944.48,201810.1,466780.88
HV00263,FM0180,2025-09-27,26464.13,458016.85,177568.22
HV00264,FM0089,2025-10-14,35229.37,16450.68,197474.86
HV00265,FM0003,2026-04-30,22926.49,389263.34,398251.43
HV00266,FM0197,2026-03-28,32873.47,461981.94,481438.45
HV00267,FM0188,2025-08-17,17843.28,335024.56,6270.7
HV00268,FM0170,2026-08-27,49085.9,263561.09,152246.28
HV00269,FM0121,2025-06-25,28993.39,383251.56,386643.78
HV00270,FM0078,2025-05-21,43024.39,308232.63,277856.57
HV00271,FM0040,2026-02-22,978.19,77322.35,398423.3
HV00272,FM0203,2025-08-12,39559.14,242242.43,130864.95
HV00273,FM0203,2025-01-18,6982.83,273254.17,425543.89
HV00274,FM0022,2025-06-01,11195.26,283746.4,348972.9
HV00275,FM0030,2026-06-22,20244.62,86012.1,85472.39
HV00276,FM0200,2025-03-22,20902.73,237027.0,122737.52
HV00277,FM0079,2026-07-05,42684.44,493754.54,33744.09
HV00278,FM0128,2025-06-14,11159.05,19479.23,497839.88
HV00279,FM0218,2025-12-21,31879.66,364395.37,359604.81
HV00280,FM0058,2026-01-05,43506.85,434356.3,451463.79
HV00281,FM0197,2026-08-22,46273.48,347838.6,120889.89
HV00282,FM0001,2025-11-23,39322.5,110940.76,344263.22
HV00283,FM0052,2025-11-04,5920.24,443038.17,113400.88
HV00284,FM0107,2025-04-17,42100.1,326330.62,124592.99
HV00285,FM0140,2026-03-24,7283.02,324435.81,376434.04
HV00286,FM0059,2025-11-15,21057.7,352092.07,137713.41
HV00287,FM0162,2026-05-16,47435.35,381384.07,247156.57
HV00288,FM0154,2026-03-29,32539.22,216442.46,108119.06
HV00289,FM0205,2026-03-19,24254.97,40549.6,331791.95
HV00290,FM0152,2025-07-21,36114.45,158821.68,130496.11
HV00291,FM0215,2026-09-02,25549.16,62908.38,81096.62
HV00292,FM0172,2025-09-16,14235.92,183308.07,254336.04
HV00293,FM0145,2025-10-30,35696.54,34059.79,106670.9
HV00294,FM0199,2025-07-01,1407.67,305164.39,57906.38
HV00295,FM0057,2026-05-04,25634.17,287368.15,138988.74
HV00296,FM0020,2025-04-17,29300.07,313012.89,252749.76
HV00297,FM0011,2026-08-27,43467.46,331828.27,211750.11
HV00298,FM0156,2025-02-13,17535.71,331671.61,150966.03
HV00299,FM0086,2026-01-25,26384.15,54345.6,312825.44
HV00300,FM0007,2025-03-04,13647.97,57305.89,169575.81
HV00301,FM0192,2025-12-19,42192.8,148181.7,419770.23
HV00302,FM0124,2025-05-10,21584.47,75487.54,382191.66
HV00303,FM0208,2026-05-26,49886.6,137263.79,304886.43
HV00304,FM0112,2026-08-02,33053.26,388187.13,16022.99
HV00305,FM0166,2026-06-13,17165.92,76545.88,465961.29
HV00306,FM0024,2026-02-01,30763.94,492191.62,367040.16
HV00307,FM0046,2025-09-23,43397.17,444234.16,348336.49
HV00308,FM0124,2026-07-24,22648.49,63514.96,208808.62
HV00309,FM0008,2026-07-10,19993.05,217354.96,342690.86
HV00310,FM0160,2025-05-14,49375.23,365705.23,309672.23
HV00311,FM0135,2026-01-06,49151.31,298531.64,405870.88
HV00312,FM0046,2026-01-11,42286.0,316804.18,114780.26
HV00313,FM0121,2025-03-06,39582.46,444002.24,112645.56
HV00314,FM0024,2025-06-05,26427.11,399146.37,340687.53
HV00315,FM0026,2025-08-15,30974.79,333343.57,466641.71
HV00316,FM0066,2025-01-25,9692.49,19591.28,283109.2
HV00317,FM0113,2026-08-12,28792.06,421264.82,305765.35
HV00318,FM0154,2025-01-01,42312.44,216315.38,437700.4
HV00319,FM0041,2026-06-10,46291.72,89170.15,155124.55
HV00320,FM0126,2026-07-06,49785.34,394199.44,359412.77
HV00321,FM0120,2025-01-19,25190.93,223290.46,201431.57
HV00322,FM0005,2025-01-08,43368.28,241999.81,258437.53
HV00323,FM0048,2025-04-11,21580.03,109063.43,455980.81
HV00324,FM0034,2026-08-03,16903.81,337670.78,396893.96
HV00325,FM0148,2025-08-23,15957.53,198358.56,25555.11
HV00326,FM0127,2025-05-19,38254.44,414032.06,275707.4
HV00327,FM0030,2025-11-28,26222.0,403625.44,300623.99
HV00328,FM0009,2025-02-06,6886.58,397618.8,427022.76
HV00329,FM0140,2026-02-04,34073.31,184200.01,172004.98
HV00330,FM0062,2025-10-08,19925.71,84645.7,155214.85
HV00331,FM0172,2026-07-24,29002.66,167834.83,75548.69
HV00332,FM0001,2025-11-16,28597.91,494567.8,184177.96
HV00333,FM0205,2025-12-18,3547.78,284655.85,273157.79
HV00334,FM0107,2025-06-06,23050.23,294738.3,460692.88
HV00335,FM0177,2026-05-13,24657.73,297654.62,195032.74
HV00336,FM0178,2025-06-02,8941.84,63026.32,177045.34
HV00337,FM0001,2025-11-10,6796.21,154080.99,373840.6
HV00338,FM0144,2025-05-18,45903.42,413107.84,94632.84
HV00339,FM0184,2026-09-25,47543.17,301200.17,144402.52
HV00340,FM0202,2025-06-20,29595.2,123278.13,337136.38
HV00341,FM0209,2026-07-12,44632.6,6688.53,107269.62
HV00342,FM0117,2025-12-01,37285.58,455900.48,10483.42
HV00343,FM0130,2025-05-28,25646.97,245326.08,226056.79
HV00344,FM0003,2026-02-22,8439.43,88119.4,21009.53
HV00345,FM0019,2025-12-08,6436.56,490863.79,436034.53
HV00346,FM0173,2025-05-16,21720.46,304682.09,292456.81
HV00347,FM0140,2026-08-11,29897.37,407616.9,254312.69
HV00348,FM0140,2026-04-27,44186.85,102346.61,428876.01
HV00349,FM0209,2026-04-09,1142.52,47296.44,188621.86
HV00350,FM0030,2026-02-18,46328.47,247107.02,242043.09
HV00351,FM0046,2025-05-19,38266.17,439796.38,346080.7
HV00352,FM0089,2025-05-20,32958.49,237444.13,371692.4
HV00353,FM0117,2025-01-30,29240.79,411081.56,52494.2
HV00354,FM0172,2026-06-04,14491.6,361496.5,414727.55
HV00355,FM0090,2025-10-09,3067.5,410304.45,95689.87
HV00356,FM0084,2026-02-16,46787.55,49538.65,309165.95
HV00357,FM0203,2025-06-17,32229.44,466790.5,354503.8
HV00358,FM0155,2025-05-17,33278.92,122194.34,412019.84
HV00359,FM0129,2025-04-14,33876.47,17823.28,252380.72
HV00360,FM0140,2025-11-01,33989.9,165321.93,86528.62
HV00361,FM0082,2026-02-06,16330.58,277880.87,357406.88
HV00362,FM0089,2026-04-25,6957.43,42824.44,227876.41
HV00363,FM0189,2025-10-28,4258.92,465136.23,71433.75
HV00364,FM0139,2026-07-09,29253.02,399985.89,328184.67
HV00365,FM0138,2025-12-13,43645.19,17940.71,61630.77
HV00366,FM0065,2026-09-14,37485.82,49863.67,408005.65
HV00367,FM0197,2026-07-24,9116.94,237671.64,338258.21
HV00368,FM0181,2026-09-16,26394.02,40686.52,130660.81
HV00369,FM0206,2025-07-22,18314.77,183347.91,306233.65
HV00370,FM0191,2025-11-26,45948.86,71572.36,291093.2
HV00371,FM0082,2025-03-18,30664.19,289022.94,445214.97
HV00372,FM0143,2026-09-19,46662.2,359461.71,459664.2
HV00373,FM0085,2025-03-16,13378.58,15514.04,402726.56
HV00374,FM0141,2026-07-19,29135.3,201384.46,156157.63
HV00375,FM0036,2026-05-10,27039.72,182529.81,467807.36
HV00376,FM0213,2025-02-12,28214.7,338543.3,230939.0
HV00377,FM0109,2025-05-21,48995.5,127669.31,216078.8
HV00378,FM0057,2025-03-10,12271.92,118019.93,181748.39
HV00379,FM0069,2025-03-01,41237.53,137142.71,202273.8
