service_id,vehicle_id,service_type,service_date,service_cost,parts_cost
SV00001,VH0016,Battery,2025-11-02,63507.72,37044.84
SV00002,VH0093,Repair,2025-11-12,82145.98,35293.27
SV00003,VH0187,Regular,2026-04-05,99117.33,58638.38
SV00004,VH0118,Regular,2026-03-29,75127.01,52958.9
SV00005,VH0015,Accident,2026-04-02,31184.66,36043.94
SV00006,VH0228,Battery,2025-04-04,78781.55,57263.31
SV00007,VH0100,Repair,2025-03-05,55529.78,15801.32
SV00008,VH0159,Battery,2025-03-25,69686.43,43766.21
SV00009,VH0229,Battery,2026-01-03,97637.62,51687.68
SV00010,VH0236,Repair,2025-08-16,65586.68,14576.85
SV00011,VH0140,Repair,2026-04-21,92178.25,20823.68
SV00012,VH0232,Regular,2025-07-02,52320.29,3830.73
SV00013,VH0066,Repair,2026-04-24,22726.98,56692.74
SV00014,VH0224,Battery,2026-08-16,41021.1,31573.73
SV00015,VH0174,Repair,2025-06-26,3173.68,1095.36
SV00016,VH0036,Repair,2025-12-14,37638.19,51510.14
SV00017,VH0005,Repair,2025-01-29,99147.73,39823.64
SV00018,VH0144,Accident,2025-02-25,71172.54,20960.67
SV00019,VH0231,Accident,2025-09-07,9720.04,2668.38
SV00020,VH0128,Battery,2026-05-12,62967.81,21297.67
SV00021,VH0110,Regular,2026-01-31,12017.11,19068.4
SV00022,VH0055,Battery,2026-01-16,42225.23,53715.9
SV00023,VH0078,Regular,2026-01-30,90236.59,38679.55
SV00024,VH0114,Battery,2026-04-20,55977.68,1596.05
SV00025,VH0115,Repair,2026-07-28,18503.9,3302.29
SV00026,VH0174,Repair,2026-08-24,91018.78,19196.87
SV00027,VH0126,Regular,2025-03-09,12092.12,9662.04
SV00028,VH0176,Battery,2026-08-08,53308.64,15026.17
SV00029,VH0105,Regular,2025-04-13,98059.51,50448.08
SV00030,VH0065,Regular,2026-06-10,6124.96,37363.96
SV00031,VH0254,Accident,2025-11-18,56927.44,21571.29
SV00032,VH0241,Battery,2026-01-14,46278.48,374.51
SV00033,VH0044,Regular,2026-07-21,23166.04,11244.45
SV00034,VH0155,Regular,2025-08-31,80711.69,38626.02
SV00035,VH0026,Regular,2025-06-29,28313.97,10971.43
SV00036,VH0253,Battery,2025-08-19,31574.74,55513.24
SV00037,VH0008,Accident,2025-01-31,4407.56,9842.47
SV00038,VH0236,Battery,2025-06-19,34163.48,38732.35
SV00039,VH0022,Repair,2025-07-12,43239.27,44008.37
SV00040,VH0093,Repair,2025-05-20,43408.99,23338.16
SV00041,VH0077,Accident,2025-09-12,33936.53,7244.59
SV00042,VH0246,Regular,2025-09-05,97694.39,14680.2
SV00043,VH0245,Battery,2026-04-06,58484.02,51048.94
SV00044,VH0175,Repair,2025-03-01,92183.94,16690.95
SV00045,VH0130,Accident,2025-08-17,34817.09,55480.76
SV00046,VH0058,Accident,2025-07-09,90472.78,19071.93
SV00047,VH0248,Regular,2025-11-10,22906.33,37546.44
SV00048,VH0103,Accident,2025-08-23,41876.32,40114.44
SV00049,VH0137,Accident,2026-09-11,62239.84,44263.98
SV00050,VH0101,Battery,2026-07-04,99357.43,31577.23
SV00051,VH0104,Battery,2025-10-02,55667.99,9415.54
SV00052,VH0020,Battery,2025-07-15,39925.95,59901.98
SV00053,VH0170,Repair,2025-06-09,69143.8,54104.15
SV00054,VH0182,Accident,2026-05-28,92663.21,2534.39
SV00055,VH0230,Battery,2026-03-27,1697.79,58336.72
SV00056,VH0225,Repair,2025-08-28,64896.85,44357.11
SV00057,VH0165,Regular,2025-01-29,24393.77,12610.21
SV00058,VH0214,Regular,2026-05-03,74324.62,38911.25
SV00059,VH0029,Regular,2025-01-21,32983.45,13030.12
SV00060,VH0104,Regular,2025-06-20,66471.98,22515.48
SV00061,VH0091,Battery,2025-10-29,91118.07,17781.25
SV00062,VH0153,Accident,2025-04-25,77340.57,20933.89
SV00063,VH0213,Accident,2025-11-11,24954.87,56397.06
SV00064,VH0180,Regular,2026-07-07,94730.92,32427.36
SV00065,VH0257,Accident,2025-07-19,90118.19,52778.85
SV00066,VH0048,Battery,2025-02-01,22107.88,1738.34
SV00067,VH0032,Regular,2025-01-16,6152.1,54585.8
SV00068,VH0177,Repair,2025-10-31,96306.69,22880.74
SV00069,VH0181,Battery,2026-06-12,38748.58,29491.79
SV00070,VH0134,Accident,2025-07-25,54620.45,12063.56
SV00071,VH0230,Repair,2025-04-01,69960.86,39423.88
SV00072,VH0159,Regular,2025-11-19,98499.27,46012.76
SV00073,VH0198,Battery,2025-11-05,83916.15,44352.07
SV00074,VH0009,Accident,2025-07-05,93227.96,48181.04
SV00075,VH0116,Accident,2025-01-05,51708.23,7767.33
SV00076,VH0144,Accident,2026-06-27,4266.96,12109.66
SV00077,VH0200,Battery,2025-08-20,84158.11,6027.79
SV00078,VH0152,Battery,2026-09-06,54224.64,20227.4
SV00079,VH0172,Battery,2025-08-11,82948.96,51321.63
SV00080,VH0001,Regular,2025-11-24,76543.23,18034.57
SV00081,VH0038,Regular,2026-08-12,71065.59,59891.16
SV00082,VH0017,Repair,2025-07-15,46921.98,10565.43
SV00083,VH0215,Regular,2026-02-04,90334.98,9696.88
SV00084,VH0022,Accident,2025-10-22,87130.37,6546.25
SV00085,VH0117,Accident,2025-10-29,92378.85,29386.11
SV00086,VH0097,Accident,2025-08-07,2409.91,48838.69
SV00087,VH0003,Regular,2025-05-10,30125.47,1490.29
SV00088,VH0204,Accident,2025-09-14,24944.37,8933.62
SV00089,VH0001,Regular,2026-06-20,55529.82,25838.1
SV00090,VH0228,Regular,2026-09-01,34773.42,16858.16
SV00091,VH0001,Battery,2026-03-07,24659.67,28240.75
SV00092,VH0193,Accident,2025-04-22,34929.64,29073.41
SV00093,VH0043,Repair,2025-12-05,27064.05,25833.23
SV00094,VH0245,Regular,2025-10-25,46678.74,56206.13
SV00095,VH0046,Repair,2025-02-19,61469.86,38317.22
SV00096,VH0081,Repair,2025-04-25,88476.47,7061.8
SV00097,VH0054,Battery,2025-05-11,1436.56,30861.53
SV00098,VH0211,Regular,2025-03-07,5420.49,29085.83
SV00099,VH0032,Battery,2026-05-16,99486.23,47363.49
SV00100,VH0182,Regular,2026-08-29,78056.38,24006.19
SV00101,VH0041,Accident,2025-06-23,9593.28,12340.02
SV00102,VH0187,Regular,2025-10-23,88356.58,20537.77
SV00103,VH0040,Repair,2025-01-22,60501.17,34307.1
SV00104,VH0016,Accident,2025-09-07,4415.15,35629.99
SV00105,VH0038,Repair,2026-01-04,92184.52,49694.48
SV00106,VH0112,Battery,2025-03-02,19521.8,21443.82
SV00107,VH0014,Accident,2025-11-11,31221.59,14243.09
SV00108,VH0097,Regular,2025-03-17,64781.61,20262.7
SV00109,VH0105,Accident,2025-06-01,97616.04,23381.56
SV00110,VH0194,Repair,2026-02-24,93553.06,51201.23
SV00111,VH0041,Accident,2026-02-21,84440.2,9774.29
SV00112,VH0046,Accident,2026-03-10,82921.95,3619.25
SV00113,VH0239,Regular,2026-08-15,87735.53,21368.07
SV00114,VH0009,Repair,2025-03-17,17370.78,19899.23
SV00115,VH0220,Battery,2026-05-16,56034.96,5028.7
SV00116,VH0234,Repair,2026-02-02,14948.85,1828.59
SV00117,VH0077,Repair,2026-03-07,90197.47,29729.29
SV00118,VH0191,Battery,2026-09-29,27517.46,44104.42
SV00119,VH0259,Repair,2025-06-25,31272.28,27583.63
SV00120,VH0215,Repair,2026-05-09,53672.85,33041.67
SV00121,VH0204,Accident,2026-01-17,67468.81,15954.72
SV00122,VH0036,Repair,2025-07-31,49278.66,1826.56
SV00123,VH0100,Repair,2025-05-31,75709.47,24228.09
SV00124,VH0077,Regular,2025-10-06,60939.7,40229.44
SV00125,VH0178,Battery,2025-10-15,51805.19,54526.21
SV00126,VH0246,Accident,2025-05-06,52366.35,11228.4
SV00127,VH0114,Regular,2025-08-24,66309.61,38921.3
SV00128,VH0258,Battery,2025-04-08,52785.72,20423.59
SV00129,VH0156,Repair,2025-04-18,47284.72,51392.94
SV00130,VH0241,Regular,2025-02-11,35594.42,20774.26
SV00131,VH0127,Battery,2025-09-26,38390.88,11021.45
SV00132,VH0033,Accident,2025-08-18,73301.53,19228.34
SV00133,VH0239,Repair,2025-05-15,57858.97,48434.15
SV00134,VH0247,Regular,2026-08-22,91258.36,27444.53
SV00135,VH0165,Repair,2025-06-30,14791.75,22501.57
SV00136,VH0020,Accident,2025-06-20,73821.64,27521.27
SV00137,VH0233,Battery,2026-03-06,70951.26,6094.15
SV00138,VH0195,Battery,2025-02-19,72052.27,5109.48
SV00139,VH0203,Repair,2025-02-18,62590.63,37996.52
SV00140,VH0036,Battery,2025-02-12,70845.85,452.2
SV00141,VH0164,Regular,2025-09-27,79978.49,27877.64
SV00142,VH0026,Accident,2025-11-09,57699.26,38281.24
SV00143,VH0049,Repair,2025-08-08,34189.71,18963.08
SV00144,VH0116,Regular,2025-01-30,15131.19,12699.7
SV00145,VH0088,Repair,2025-07-08,8834.52,53975.1
SV00146,VH0033,Battery,2025-02-23,1563.92,11150.07
SV00147,VH0134,Battery,2025-09-06,21819.44,30097.29
SV00148,VH0216,Repair,2025-02-22,81265.66,20536.03
SV00149,VH0040,Regular,2025-01-29,53955.8,47772.45
SV00150,VH0001,Regular,2025-09-06,21997.83,38199.72
SV00151,VH0052,Accident,2025-01-23,69192.55,14186.5
SV00152,VH0063,Accident,2026-02-26,93373.07,47310.61
SV00153,VH0037,Repair,2026-08-20,64659.78,3989.38
SV00154,VH0019,Battery,2025-08-02,78658.31,20747.02
SV00155,VH0164,Battery,2025-12-13,6641.29,49101.44
SV00156,VH0073,Accident,2026-05-02,24658.14,18483.61
SV00157,VH0258,Regular,2026-08-10,15431.52,36728.65
SV00158,VH0202,Accident,2026-07-06,13818.61,59673.08
SV00159,VH0121,Repair,2025-07-05,71403.72,37051.2
SV00160,VH0045,Battery,2026-03-27,81931.11,1404.13
SV00161,VH0072,Battery,2025-09-28,84358.79,41117.45
SV00162,VH0130,Repair,2025-07-28,98921.37,8570.81
SV00163,VH0184,Repair,2026-01-24,985.21,12991.04
SV00164,VH0252,Repair,2026-02-07,78608.37,7687.1
SV00165,VH0074,Repair,2025-07-11,31309.68,46373.09
SV00166,VH0207,Accident,2025-07-28,8583.34,39354.38
SV00167,VH0055,Regular,2026-09-10,20721.53,35283.42
SV00168,VH0151,Repair,2025-12-24,7286.55,21526.2
SV00169,VH0168,Regular,2025-10-26,79246.11,37659.97
SV00170,VH0008,Battery,2025-08-03,50975.85,43553.51
SV00171,VH0107,Battery,2025-07-31,77431.37,28381.51
SV00172,VH0073,Regular,2026-06-09,88051.63,35549.3
SV00173,VH0074,Regular,2026-04-24,72265.01,54471.28
SV00174,VH0193,Accident,2025-06-03,64552.23,13149.61
SV00175,VH0164,Repair,2025-03-09,17864.57,31919.01
SV00176,VH0092,Accident,2025-10-28,97655.99,41296.28
SV00177,VH0054,Accident,2025-10-13,78912.18,21419.04
SV00178,VH0060,Accident,2025-06-23,2442.9,8229.79
SV00179,VH0098,Repair,2025-04-10,2346.07,42711.37
SV00180,VH0188,Accident,2025-04-08,70553.28,39412.17
SV00181,VH0086,Repair,2025-08-17,5524.96,9630.77
SV00182,VH0183,Repair,2025-02-01,10407.92,41881.04
SV00183,VH0184,Repair,2025-10-19,47696.75,42174.79
SV00184,VH0199,Battery,2025-08-21,84639.79,15116.6
SV00185,VH0254,Regular,2025-08-06,49170.94,21679.08
SV00186,VH0196,Battery,2026-08-27,61704.92,57859.34
SV00187,VH0135,Regular,2025-10-28,19793.74,34530.16
SV00188,VH0112,Accident,2026-05-29,13575.52,24636.31
SV00189,VH0185,Battery,2026-09-16,71619.12,20284.06
SV00190,VH0181,Regular,2025-02-03,24008.16,43430.75
SV00191,VH0038,Battery,2025-03-03,33511.6,39698.44
SV00192,VH0028,Accident,2026-04-04,82380.61,16401.65
SV00193,VH0193,Battery,2025-08-29,7950.89,4264.35
SV00194,VH0247,Repair,2026-01-21,8304.3,55071.28
SV00195,VH0106,Repair,2025-06-26,77336.12,14333.65
SV00196,VH0104,Repair,2025-01-11,65515.55,6922.8
SV00197,VH0142,Regular,2025-03-27,10045.26,9032.07
SV00198,VH0095,Battery,2026-06-03,50174.78,29290.84
SV00199,VH0092,Accident,2026-01-18,56772.72,13886.87
SV00200,VH0234,Repair,2026-01-19,83592.94,34333.98
SV00201,VH0007,Regular,2026-01-20,83354.05,58299.16
SV00202,VH0002,Repair,2026-07-07,92813.0,52420.45
SV00203,VH0091,Repair,2025-04-07,93947.06,4512.64
SV00204,VH0180,Accident,2026-07-20,12050.6,21320.58
SV00205,VH0007,Repair,2025-12-20,75069.22,51504.46
SV00206,VH0094,Repair,2025-11-21,1820.98,37417.54
SV00207,VH0134,Regular,2025-10-01,30601.26,59596.15
SV00208,VH0062,Repair,2025-10-19,16123.9,6185.56
SV00209,VH0163,Repair,2025-10-06,92956.42,18746.04
SV00210,VH0258,Repair,2025-12-26,31314.8,3116.9
SV00211,VH0025,Accident,2025-01-03,88680.16,1505.37
SV00212,VH0018,Battery,2025-12-01,24187.87,37397.92
SV00213,VH0111,Repair,2026-08-05,25804.98,4634.32
SV00214,VH0214,Accident,2025-12-30,77652.64,38347.02
SV00215,VH0159,Regular,2025-04-26,92573.74,30290.61
SV00216,VH0179,Repair,2026-02-16,76852.55,40561.69
SV00217,VH0180,Accident,2026-09-19,40453.06,52614.34
SV00218,VH0109,Repair,2026-02-16,30042.92,51909.38
SV00219,VH0108,Repair,2025-03-08,90551.59,27407.58
SV00220,VH0104,Repair,2025-03-04,34441.92,7748.39
SV00221,VH0105,Battery,2025-01-03,47411.03,4079.82
SV00222,VH0011,Repair,2025-02-26,36871.14,25861.98
SV00223,VH0124,Regular,2026-06-14,67632.64,36090.37
SV00224,VH0257,Battery,2025-03-09,81399.46,18800.52
SV00225,VH0112,Regular,2025-08-08,84823.57,48196.53
SV00226,VH0211,Accident,2026-02-21,20679.12,5601.08
SV00227,VH0188,Repair,2026-01-02,97119.72,12840.58
SV00228,VH0005,Regular,2025-06-20,66184.64,51904.56
SV00229,VH0030,Regular,2025-06-02,51006.94,20368.35
SV00230,VH0019,Accident,2026-02-06,84716.97,57377.57
SV00231,VH0225,Repair,2026-07-22,7709.65,56760.45
SV00232,VH0105,Battery,2026-06-16,88757.38,58355.78
SV00233,VH0074,Accident,2026-03-23,89249.16,42508.96
SV00234,VH0191,Repair,2025-10-24,43131.56,48196.74
SV00235,VH0013,Repair,2026-01-19,54444.01,35898.09
SV00236,VH0075,Battery,2026-04-27,30873.06,3434.96
SV00237,VH0221,Accident,2025-12-03,89588.63,26679.59
SV00238,VH0032,Repair,2025-08-26,68575.51,34710.99
SV00239,VH0144,Regular,2025-06-12,79348.59,40950.04
SV00240,VH0225,Regular,2026-02-03,37269.77,19023.02
SV00241,VH0211,Accident,2025-10-23,18739.78,21479.49
SV00242,VH0164,Regular,2026-08-06,10543.09,6183.51
SV00243,VH0009,Repair,2026-08-10,70554.61,42533.26
SV00244,VH0234,Repair,2026-06-25,9085.54,55191.57
SV00245,VH0206,Accident,2026-06-21,39872.77,32948.87
SV00246,VH0240,Accident,2025-01-27,38188.51,26624.14
SV00247,VH0208,Accident,2025-08-30,51661.63,253.75
SV00248,VH0036,Battery,2025-11-05,39832.89,50950.15
SV00249,VH0036,Repair,2025-11-08,49296.78,28552.91
SV00250,VH0259,Repair,2025-12-19,15676.92,22098.89
SV00251,VH0211,Regular,2026-03-10,58256.57,55444.34
SV00252,VH0232,Repair,2025-10-23,12232.33,1484.22
SV00253,VH0058,Repair,2026-09-01,47460.86,9845.96
SV00254,VH0111,Accident,2025-09-14,95425.59,58137.65
SV00255,VH0089,Battery,2025-12-24,4118.14,40554.22
SV00256,VH0132,Battery,2026-04-28,15903.0,56399.39
SV00257,VH0245,Regular,2025-11-01,29895.13,6144.38
SV00258,VH0100,Battery,2025-11-27,84219.74,12191.29
SV00259,VH0139,Repair,2026-08-29,91005.15,52336.88
SV00260,VH0004,Regular,2026-09-24,1516.26,53278.89
SV00261,VH0011,Battery,2025-11-30,85336.71,26385.74
SV00262,VH0256,Regular,2026-07-14,37217.78,37195.99
SV00263,VH0009,Repair,2025-10-11,29979.63,18972.9
SV00264,VH0107,Repair,2025-06-08,3193.21,51153.57
SV00265,VH0119,Accident,2025-10-21,10198.72,220.7
SV00266,VH0081,Battery,2025-05-12,27290.94,30924.69
SV00267,VH0020,Accident,2026-09-30,63396.97,40720.37
SV00268,VH0133,Battery,2025-03-19,86442.61,32704.12
SV00269,VH0009,Repair,2025-02-28,77972.21,12671.9
SV00270,VH0058,Regular,2026-06-10,53191.47,18564.45
SV00271,VH0207,Regular,2026-09-04,93745.34,44050.81
SV00272,VH0194,Accident,2025-02-18,10758.53,57756.36
SV00273,VH0058,Battery,2025-08-24,42080.75,4146.24
SV00274,VH0244,Accident,2025-01-29,37859.34,55928.98
SV00275,VH0121,Repair,2026-09-30,36670.54,25359.54
SV00276,VH0076,Regular,2025-08-16,36137.04,34018.08
SV00277,VH0167,Accident,2026-05-21,21209.8,54018.43
SV00278,VH0218,Accident,2026-08-28,76362.49,49506.83
SV00279,VH0083,Repair,2025-07-27,57920.94,10156.65
SV00280,VH0228,Battery,2025-12-03,19419.14,43287.24
SV00281,VH0004,Regular,2025-10-11,714.12,43834.25
SV00282,VH0050,Regular,2025-07-15,36131.22,20275.14
SV00283,VH0136,Repair,2026-07-03,25371.88,57973.99
SV00284,VH0028,Accident,2025-07-19,68830.45,27289.76
SV00285,VH0010,Regular,2025-03-06,95623.37,38629.74
SV00286,VH0070,Battery,2025-04-29,48108.3,48633.63
SV00287,VH0085,Repair,2026-09-12,63647.68,657.8
SV00288,VH0209,Battery,2026-09-26,85403.6,58466.63
SV00289,VH0252,Battery,2026-05-19,65227.38,56183.18
SV00290,VH0254,Regular,2026-03-23,55780.26,40116.77
SV00291,VH0189,Battery,2025-12-11,83771.8,56505.68
SV00292,VH0150,Repair,2026-06-05,28919.56,7757.97
SV00293,VH0020,Accident,2025-05-30,31935.06,36442.0
SV00294,VH0191,Regular,2026-05-28,57188.09,4734.26
SV00295,VH0132,Accident,2025-12-20,10932.1,48917.17
SV00296,VH0109,Battery,2025-08-24,94932.31,41760.13
SV00297,VH0248,Regular,2025-11-12,10485.42,53511.28
SV00298,VH0208,Regular,2026-03-14,82137.46,56764.81
SV00299,VH0089,Regular,2025-02-03,89396.43,25552.61
SV00300,VH0121,Repair,2026-03-16,69644.69,10994.53
SV00301,VH0185,Repair,2025-12-19,5249.0,38211.37
SV00302,VH0003,Regular,2025-12-28,45412.25,7108.91
SV00303,VH0024,Repair,2025-08-23,76083.81,2895.09
SV00304,VH0209,Battery,2025-05-15,11586.52,6640.26
SV00305,VH0135,Battery,2025-09-26,33638.71,56699.32
SV00306,VH0100,Repair,2025-11-28,27873.74,11892.57
SV00307,VH0185,Accident,2026-03-30,1415.43,39707.0
SV00308,VH0128,Repair,2025-10-08,50232.79,46422.39
SV00309,VH0086,Battery,2025-08-10,83809.06,50766.91
SV00310,VH0116,Regular,2026-07-05,31668.67,31254.93
SV00311,VH0174,Regular,2026-04-16,9934.21,675.13
SV00312,VH0154,Accident,2025-10-18,41914.55,5307.45
SV00313,VH0113,Regular,2026-07-06,8878.4,15564.28
SV00314,VH0169,Regular,2026-04-03,74468.5,9265.75
SV00315,VH0204,Repair,2025-08-23,5066.61,7709.38
SV00316,VH0171,Regular,2025-11-28,34678.57,27723.49
SV00317,VH0225,Battery,2025-07-01,62009.48,48087.57
SV00318,VH0042,Regular,2025-08-12,94223.26,27596.09
SV00319,VH0127,Repair,2026-03-31,36427.37,19412.71
SV00320,VH0025,Regular,2025-09-28,96760.97,22792.66
SV00321,VH0224,Battery,2025-08-28,70578.17,46698.36
SV00322,VH0054,Battery,2025-08-08,46389.64,5924.23
SV00323,VH0209,Repair,2026-02-21,29579.21,5621.12
SV00324,VH0024,Regular,2026-09-17,35543.63,10895.8
SV00325,VH0175,Accident,2026-09-23,82807.65,5547.26
SV00326,VH0154,Repair,2025-12-30,96023.73,4776.24
SV00327,VH0018,Repair,2026-05-22,84419.1,38953.63
SV00328,VH0195,Battery,2025-02-05,5540.69,35865.72
SV00329,VH0250,Battery,2026-01-07,59468.17,47987.93
SV00330,VH0006,Repair,2025-10-13,46882.52,39741.64
SV00331,VH0051,Repair,2026-04-20,29445.77,35892.7
SV00332,VH0192,Accident,2026-08-25,10417.34,54323.14
SV00333,VH0191,Battery,2025-09-26,56495.56,22845.81
SV00334,VH0115,Repair,2025-06-26,40896.01,20556.78
SV00335,VH0014,Accident,2026-01-01,29035.0,30570.56
SV00336,VH0229,Battery,2025-08-23,24737.1,59838.21
SV00337,VH0225,Regular,2026-07-30,74682.88,12818.41
SV00338,VH0082,Battery,2025-09-08,16662.2,22824.21
SV00339,VH0098,Repair,2025-08-13,32854.66,49909.72
SV00340,VH0211,Repair,2026-03-02,90578.13,19907.13
SV00341,VH0211,Repair,2026-06-25,26146.81,58818.85
SV00342,VH0138,Regular,2025-08-22,37455.76,42317.51
SV00343,VH0172,Accident,2025-02-26,91807.22,12794.08
SV00344,VH0226,Regular,2025-08-18,30250.7,47478.46
SV00345,VH0082,Accident,2026-02-14,11514.44,36503.04
SV00346,VH0060,Regular,2026-01-03,79307.75,57500.43
SV00347,VH0037,Battery,2026-09-27,19695.59,41830.2
SV00348,VH0221,Battery,2025-05-02,18632.83,35910.56
SV00349,VH0040,Repair,2025-05-30,12414.28,55957.91
SV00350,VH0147,Battery,2025-06-11,79467.53,23782.22
SV00351,VH0086,Accident,2025-03-06,5217.51,18784.28
SV00352,VH0200,Battery,2025-04-12,53627.05,46924.3
SV00353,VH0095,Regular,2025-10-11,72651.7,36198.4
SV00354,VH0251,Battery,2026-06-22,71743.33,29354.51
SV00355,VH0168,Repair,2026-06-10,17092.53,24719.7
SV00356,VH0200,Battery,2026-03-17,20584.36,48477.04
SV00357,VH0031,Regular,2025-04-25,40664.09,26657.05
SV00358,VH0116,Accident,2026-04-01,87830.2,19771.24
SV00359,VH0248,Repair,2025-04-05,80291.67,17051.12
SV00360,VH0188,Accident,2026-06-06,69023.96,31859.82
SV00361,VH0066,Regular,2025-01-25,50874.69,51545.44
SV00362,VH0015,Battery,2025-12-27,53455.94,44387.42
SV00363,VH0017,Accident,2026-04-15,23023.22,42810.94
SV00364,VH0092,Regular,2025-04-12,48230.36,13637.58
SV00365,VH0135,Accident,2025-12-08,96569.61,22592.4
SV00366,VH0105,Regular,2025-08-18,41063.72,42422.48
SV00367,VH0117,Regular,2025-05-15,11047.58,18937.98
SV00368,VH0123,Regular,2026-09-27,67955.89,34347.51
SV00369,VH0075,Battery,2025-09-01,81287.04,22348.38
SV00370,VH0242,Repair,2025-06-02,13623.78,46712.28
SV00371,VH0138,Regular,2025-03-19,33394.5,33322.34
SV00372,VH0232,Repair,2026-08-17,90987.6,29165.64
SV00373,VH0251,Accident,2026-04-29,66771.87,33705.76
SV00374,VH0201,Regular,2025-02-04,91278.69,17718.84
SV00375,VH0179,Accident,2026-06-06,86820.37,37642.27
SV00376,VH0037,Regular,2025-11-09,42684.66,20243.04
SV00377,VH0102,Accident,2026-03-12,77903.32,30353.3
SV00378,VH0096,Accident,2026-04-14,2267.62,54627.34
SV00379,VH0046,Repair,2025-05-23,89948.46,24920.93
SV00380,VH0007,Battery,2025-07-30,48530.91,988.04
SV00381,VH0161,Repair,2025-12-04,78740.91,53164.52
SV00382,VH0044,Repair,2025-10-17,99169.79,47421.56
SV00383,VH0168,Regular,2025-03-19,10149.06,59404.55
SV00384,VH0132,Repair,2025-07-05,58072.92,6533.28
SV00385,VH0102,Battery,2025-08-02,71452.16,14018.73
SV00386,VH0123,Repair,2025-09-06,76764.96,40204.39
SV00387,VH0100,Repair,2025-08-01,62007.99,9024.58
SV00388,VH0026,Repair,2026-01-02,45888.91,51033.57
SV00389,VH0233,Regular,2025-11-03,65116.42,7497.7
SV00390,VH0003,Accident,2025-11-15,85221.66,46454.01
SV00391,VH0190,Regular,2025-01-05,13917.42,29244.38
SV00392,VH0097,Battery,2025-01-21,56245.4,19829.97
SV00393,VH0171,Regular,2025-04-28,12547.23,59567.59
SV00394,VH0082,Battery,2025-04-06,43915.91,20608.65
SV00395,VH0111,Battery,2026-02-06,77097.35,54097.2
SV00396,VH0074,Repair,2026-06-18,81425.58,48637.84
SV00397,VH0231,Repair,2026-04-01,74173.2,45705.92
SV00398,VH0240,Repair,2026-06-16,52388.13,29813.76
SV00399,VH0256,Accident,2025-11-21,44149.88,34729.89
SV00400,VH0110,Battery,2026-05-08,73785.29,59750.82
SV00401,VH0240,Battery,2026-06-26,32145.3,7135.22
SV00402,VH0237,Battery,2025-02-13,53914.88,44264.36
SV00403,VH0171,Repair,2026-02-25,82520.57,46299.96
SV00404,VH0027,Accident,2026-04-05,70339.47,31726.59
SV00405,VH0133,Regular,2025-03-25,56199.7,28768.1
SV00406,VH0240,Repair,2025-10-29,11672.32,42365.66
SV00407,VH0205,Regular,2025-12-13,97932.14,23304.58
SV00408,VH0249,Repair,2025-08-12,53345.86,18018.26
SV00409,VH0105,Regular,2026-08-22,43449.98,12893.05
SV00410,VH0013,Regular,2025-08-30,89854.55,27616.38
SV00411,VH0081,Repair,2026-09-11,74267.2,32793.79
SV00412,VH0101,Repair,2025-10-10,97872.9,49610.27
SV00413,VH0159,Accident,2025-03-01,42451.44,20231.96
SV00414,VH0046,Accident,2025-05-02,42386.02,16460.46
SV00415,VH0014,Battery,2025-08-25,31006.82,28747.98
SV00416,VH0063,Accident,2025-03-04,50610.23,25003.25
SV00417,VH0226,Repair,2025-02-15,35638.22,20394.77
SV00418,VH0189,Regular,2025-07-16,99343.87,18774.95
SV00419,VH0087,Repair,2025-08-19,38609.31,42124.31
