vehicle_id,model,city,fuel_type,customer_type
VH0001,EV One,Mumbai,Diesel,Retail
VH0002,Truck Max,Mumbai,Hybrid,Corporate
VH0003,Hatch Z,Bangalore,Diesel,Retail
VH0004,Sedan X,Delhi,Hybrid,Retail
VH0005,Sedan X,Mumbai,Diesel,Retail
VH0006,Sedan X,Pune,Petrol,Retail
VH0007,Sedan X,Delhi,Diesel,Corporate
VH0008,Hatch Z,Patna,Diesel,Retail
VH0009,Hatch Z,Delhi,Diesel,Retail
VH0010,Truck Max,Mumbai,Petrol,Corporate
VH0011,EV One,Pune,Petrol,Fleet
VH0012,Truck Max,Bangalore,Diesel,Fleet
VH0013,Truck Max,Patna,Hybrid,Retail
VH0014,Sedan X,Pune,Hybrid,Fleet
VH0015,Hatch Z,Pune,Petrol,Corporate
VH0016,EV One,Delhi,Hybrid,Retail
VH0017,SUV Pro,Bangalore,Hybrid,Corporate
VH0018,Sedan X,Delhi,EV,Fleet
VH0019,Sedan X,Bangalore,Diesel,Retail
VH0020,Sedan X,Bangalore,Petrol,Fleet
VH0021,Hatch Z,Bangalore,EV,Retail
VH0022,Truck Max,Bangalore,Petrol,Corporate
VH0023,SUV Pro,Patna,Hybrid,Retail
VH0024,Truck Max,Delhi,Diesel,Fleet
VH0025,Truck Max,Pune,Diesel,Retail
VH0026,Sedan X,Mumbai,EV,Retail
VH0027,EV One,Mumbai,Petrol,Corporate
VH0028,SUV Pro,Pune,Petrol,Retail
VH0029,Truck Max,Bangalore,Diesel,Fleet
VH0030,Hatch Z,Bangalore,Hybrid,Fleet
VH0031,SUV Pro,Pune,Diesel,Fleet
VH0032,Hatch Z,Mumbai,EV,Retail
VH0033,EV One,Mumbai,EV,Retail
VH0034,SUV Pro,Pune,Hybrid,Retail
VH0035,Sedan X,Pune,Diesel,Corporate
VH0036,Truck Max,Delhi,EV,Retail
VH0037,Hatch Z,Pune,Diesel,Retail
VH0038,Hatch Z,Patna,Hybrid,Corporate
VH0039,Hatch Z,Delhi,Petrol,Corporate
VH0040,Sedan X,Mumbai,Petrol,Corporate
VH0041,Truck Max,Patna,Hybrid,Retail
VH0042,Hatch Z,Delhi,Hybrid,Fleet
VH0043,Sedan X,Bangalore,Diesel,Corporate
VH0044,Sedan X,Patna,Diesel,Fleet
VH0045,Truck Max,Pune,EV,Fleet
VH0046,Truck Max,Delhi,Diesel,Fleet
VH0047,Sedan X,Bangalore,Petrol,Corporate
VH0048,EV One,Delhi,Petrol,Retail
VH0049,Truck Max,Mumbai,EV,Retail
VH0050,Hatch Z,Bangalore,Diesel,Fleet
VH0051,Sedan X,Bangalore,Diesel,Retail
VH0052,Sedan X,Bangalore,EV,Corporate
VH0053,Truck Max,Delhi,EV,Fleet
VH0054,SUV Pro,Patna,Diesel,Fleet
VH0055,SUV Pro,Pune,Hybrid,Retail
VH0056,Truck Max,Bangalore,Hybrid,Corporate
VH0057,EV One,Bangalore,Hybrid,Corporate
VH0058,Hatch Z,Bangalore,Petrol,Corporate
VH0059,Sedan X,Bangalore,Hybrid,Corporate
VH0060,Truck Max,Mumbai,Diesel,Fleet
VH0061,SUV Pro,Patna,EV,Retail
VH0062,Truck Max,Delhi,Hybrid,Retail
VH0063,Hatch Z,Bangalore,Petrol,Fleet
VH0064,SUV Pro,Pune,EV,Fleet
VH0065,Sedan X,Patna,Petrol,Retail
VH0066,EV One,Mumbai,EV,Fleet
VH0067,Sedan X,Mumbai,Petrol,Retail
VH0068,EV One,Pune,Hybrid,Corporate
VH0069,Sedan X,Mumbai,EV,Retail
VH0070,EV One,Mumbai,Petrol,Retail
VH0071,Hatch Z,Pune,Petrol,Fleet
VH0072,EV One,Bangalore,Petrol,Fleet
VH0073,Truck Max,Delhi,Petrol,Fleet
VH0074,SUV Pro,Pune,EV,Fleet
VH0075,Truck Max,Delhi,EV,Retail
VH0076,Hatch Z,Delhi,EV,Fleet
VH0077,Sedan X,Delhi,Hybrid,Retail
VH0078,Truck Max,Mumbai,Hybrid,Retail
VH0079,Truck Max,Patna,Diesel,Retail
VH0080,Sedan X,Pune,EV,Corporate
VH0081,SUV Pro,Mumbai,Hybrid,Fleet
VH0082,EV One,Mumbai,Diesel,Corporate
VH0083,SUV Pro,Patna,Hybrid,Corporate
VH0084,Truck Max,Bangalore,Hybrid,Retail
VH0085,Sedan X,Patna,EV,Fleet
VH0086,Truck Max,Pune,Diesel,Fleet
VH0087,Truck Max,Delhi,Hybrid,Fleet
VH0088,Hatch Z,Delhi,EV,Retail
VH0089,Hatch Z,Pune,Petrol,Retail
VH0090,SUV Pro,Delhi,Petrol,Retail
VH0091,EV One,Delhi,Diesel,Fleet
VH0092,Sedan X,Pune,EV,Fleet
VH0093,Sedan X,Bangalore,Diesel,Retail
VH0094,Hatch Z,Patna,Petrol,Retail
VH0095,EV One,Patna,EV,Retail
VH0096,Hatch Z,Bangalore,EV,Corporate
VH0097,Sedan X,Mumbai,Hybrid,Retail
VH0098,SUV Pro,Delhi,Hybrid,Retail
VH0099,EV One,Pune,EV,Fleet
VH0100,SUV Pro,Bangalore,Petrol,Corporate
VH0101,EV One,Delhi,Petrol,Corporate
VH0102,Truck Max,Mumbai,Petrol,Fleet
VH0103,EV One,Bangalore,EV,Retail
VH0104,Truck Max,Pune,Petrol,Corporate
VH0105,EV One,Mumbai,EV,Retail
VH0106,Hatch Z,Pune,Petrol,Fleet
VH0107,EV One,Patna,Petrol,Retail
VH0108,Hatch Z,Mumbai,Petrol,Retail
VH0109,Hatch Z,Mumbai,Hybrid,Retail
VH0110,SUV Pro,Delhi,Diesel,Retail
VH0111,EV One,Mumbai,Diesel,Retail
VH0112,Sedan X,Delhi,Petrol,Fleet
VH0113,Hatch Z,Bangalore,Petrol,Retail
VH0114,SUV Pro,Pune,Diesel,Retail
VH0115,Sedan X,Delhi,EV,Fleet
VH0116,Sedan X,Mumbai,Hybrid,Corporate
VH0117,EV One,Pune,EV,Fleet
VH0118,SUV Pro,Bangalore,Hybrid,Fleet
VH0119,Truck Max,Bangalore,Hybrid,Retail
VH0120,Sedan X,Pune,EV,Retail
VH0121,Sedan X,Mumbai,EV,Corporate
VH0122,Sedan X,Mumbai,Hybrid,Corporate
VH0123,Hatch Z,Bangalore,Diesel,Retail
VH0124,EV One,Delhi,Diesel,Retail
VH0125,SUV Pro,Patna,EV,Fleet
VH0126,SUV Pro,Patna,Diesel,Fleet
VH0127,Truck Max,Pune,Petrol,Corporate
VH0128,Hatch Z,Bangalore,Petrol,Corporate
VH0129,Sedan X,Delhi,EV,Corporate
VH0130,EV One,Delhi,Petrol,Fleet
VH0131,Sedan X,Delhi,Diesel,Fleet
VH0132,Hatch Z,Mumbai,Hybrid,Corporate
VH0133,Truck Max,Patna,Hybrid,Corporate
VH0134,SUV Pro,Pune,Diesel,Retail
VH0135,Sedan X,Mumbai,EV,Fleet
VH0136,EV One,Patna,Hybrid,Fleet
VH0137,Sedan X,Mumbai,Petrol,Fleet
VH0138,EV One,Patna,Petrol,Retail
VH0139,Hatch Z,Delhi,Hybrid,Fleet
VH0140,SUV Pro,Delhi,Diesel,Fleet
VH0141,Sedan X,Bangalore,EV,Retail
VH0142,Hatch Z,Mumbai,Petrol,Fleet
VH0143,Sedan X,Delhi,EV,Corporate
VH0144,Hatch Z,Mumbai,EV,Fleet
VH0145,Truck Max,Pune,EV,Retail
VH0146,EV One,Patna,EV,Retail
VH0147,Sedan X,Bangalore,Hybrid,Corporate
VH0148,Hatch Z,Patna,Diesel,Corporate
VH0149,Sedan X,Mumbai,Petrol,Retail
VH0150,Hatch Z,Bangalore,Diesel,Corporate
VH0151,Hatch Z,Patna,Petrol,Retail
VH0152,Sedan X,Bangalore,EV,Fleet
VH0153,Sedan X,Pune,Petrol,Fleet
VH0154,Hatch Z,Delhi,Petrol,Fleet
VH0155,Sedan X,Patna,Petrol,Retail
VH0156,Truck Max,Patna,Diesel,Retail
VH0157,Sedan X,Mumbai,Petrol,Corporate
VH0158,SUV Pro,Pune,Hybrid,Retail
VH0159,Sedan X,Bangalore,Diesel,Fleet
VH0160,SUV Pro,Delhi,Hybrid,Retail
VH0161,SUV Pro,Delhi,Petrol,Corporate
VH0162,Sedan X,Delhi,Hybrid,Fleet
VH0163,EV One,Delhi,Diesel,Retail
VH0164,Hatch Z,Mumbai,Petrol,Retail
VH0165,Sedan X,Bangalore,Petrol,Corporate
VH0166,Truck Max,Pune,EV,Fleet
VH0167,Hatch Z,Patna,Petrol,Corporate
VH0168,Sedan X,Delhi,EV,Retail
VH0169,Hatch Z,Mumbai,EV,Fleet
VH0170,Hatch Z,Bangalore,Hybrid,Corporate
VH0171,Truck Max,Bangalore,EV,Corporate
VH0172,Sedan X,Patna,EV,Fleet
VH0173,EV One,Delhi,EV,Fleet
VH0174,Sedan X,Delhi,Diesel,Retail
VH0175,Sedan X,Bangalore,Hybrid,Retail
VH0176,EV One,Mumbai,Hybrid,Retail
VH0177,EV One,Pune,Diesel,Corporate
VH0178,Truck Max,Pune,Diesel,Retail
VH0179,Sedan X,Pune,Hybrid,Retail
VH0180,Hatch Z,Mumbai,Hybrid,Fleet
VH0181,EV One,Bangalore,Diesel,Fleet
VH0182,Sedan X,Patna,Hybrid,Retail
VH0183,SUV Pro,Delhi,Diesel,Retail
VH0184,Truck Max,Bangalore,Hybrid,Retail
VH0185,Hatch Z,Bangalore,Petrol,Corporate
VH0186,Hatch Z,Pune,Diesel,Retail
VH0187,EV One,Patna,Hybrid,Corporate
VH0188,EV One,Bangalore,EV,Retail
VH0189,EV One,Mumbai,EV,Corporate
VH0190,SUV Pro,Pune,Hybrid,Corporate
VH0191,SUV Pro,Pune,EV,Retail
VH0192,Truck Max,Bangalore,Diesel,Corporate
VH0193,Truck Max,Mumbai,Petrol,Retail
VH0194,Hatch Z,Mumbai,Diesel,Corporate
VH0195,Hatch Z,Mumbai,EV,Fleet
VH0196,Truck Max,Patna,Hybrid,Fleet
VH0197,EV One,Bangalore,EV,Fleet
VH0198,SUV Pro,Delhi,Diesel,Fleet
VH0199,Truck Max,Patna,EV,Retail
VH0200,Truck Max,Pune,Hybrid,Corporate
VH0201,SUV Pro,Pune,Hybrid,Corporate
VH0202,Hatch Z,Mumbai,Hybrid,Fleet
VH0203,SUV Pro,Pune,Diesel,Retail
VH0204,SUV Pro,Mumbai,Hybrid,Corporate
VH0205,Truck Max,Bangalore,Petrol,Corporate
VH0206,Sedan X,Pune,Petrol,Retail
VH0207,Hatch Z,Mumbai,Petrol,Retail
VH0208,Hatch Z,Bangalore,EV,Retail
VH0209,SUV Pro,Mumbai,Petrol,Corporate
VH0210,SUV Pro,Patna,Petrol,Retail
VH0211,Truck Max,Bangalore,Diesel,Fleet
VH0212,Sedan X,Patna,Petrol,Corporate
VH0213,SUV Pro,Mumbai,EV,Retail
VH0214,Sedan X,Delhi,EV,Fleet
VH0215,EV One,Mumbai,EV,Corporate
VH0216,Truck Max,Delhi,EV,Retail
VH0217,Hatch Z,Patna,Diesel,Retail
VH0218,Hatch Z,Pune,Hybrid,Retail
VH0219,EV One,Bangalore,Hybrid,Retail
VH0220,Sedan X,Delhi,Petrol,Retail
VH0221,SUV Pro,Bangalore,Hybrid,Corporate
VH0222,Truck Max,Mumbai,Hybrid,Fleet
VH0223,Hatch Z,Bangalore,Hybrid,Fleet
VH0224,Hatch Z,Mumbai,EV,Corporate
VH0225,EV One,Delhi,Hybrid,Corporate
VH0226,Hatch Z,Bangalore,Petrol,Retail
VH0227,Hatch Z,Delhi,Diesel,Fleet
VH0228,Hatch Z,Delhi,Petrol,Fleet
VH0229,Truck Max,Pune,Diesel,Retail
VH0230,Hatch Z,Patna,Hybrid,Fleet
VH0231,Truck Max,Bangalore,Petrol,Retail
VH0232,SUV Pro,Delhi,EV,Corporate
VH0233,Hatch Z,Mumbai,Petrol,Corporate
VH0234,EV One,Mumbai,Hybrid,Fleet
VH0235,Truck Max,Mumbai,Petrol,Fleet
VH0236,EV One,Bangalore,Petrol,Corporate
VH0237,EV One,Delhi,Petrol,Fleet
VH0238,EV One,Patna,Petrol,Fleet
VH0239,Sedan X,Mumbai,Hybrid,Corporate
VH0240,EV One,Bangalore,EV,Retail
VH0241,Truck Max,Mumbai,Diesel,Corporate
VH0242,Truck Max,Mumbai,Petrol,Fleet
VH0243,EV One,Pune,Diesel,Retail
VH0244,SUV Pro,Delhi,Diesel,Fleet
VH0245,EV One,Bangalore,EV,Corporate
VH0246,Hatch Z,Delhi,Petrol,Corporate
VH0247,Truck Max,Delhi,EV,Corporate
VH0248,Hatch Z,Mumbai,Hybrid,Fleet
VH0249,SUV Pro,Delhi,EV,Corporate
VH0250,Truck Max,Patna,Diesel,Corporate
VH0251,Truck Max,Patna,Hybrid,Corporate
VH0252,Truck Max,Mumbai,Diesel,Retail
VH0253,SUV Pro,Patna,Diesel,Fleet
VH0254,SUV Pro,Bangalore,EV,Fleet
VH0255,SUV Pro,Mumbai,EV,Fleet
VH0256,SUV Pro,Delhi,Hybrid,Retail
VH0257,SUV Pro,Pune,Diesel,Fleet
VH0258,Truck Max,Mumbai,Diesel,Fleet
VH0259,SUV Pro,Mumbai,Hybrid,Corporate
