booking_id,hotel_id,room_type,booking_date,room_charge,nights
HB00001,H0036,Deluxe,2025-01-09,5445.18,3
HB00002,H0155,Deluxe,2025-06-02,8269.87,2
HB00003,H0082,Standard,2026-07-24,18879.22,3
HB00004,H0128,Standard,2026-02-05,9877.75,5
HB00005,H0167,Deluxe,2026-04-11,2686.38,8
HB00006,H0159,Suite,2026-07-15,27883.47,1
HB00007,H0016,Standard,2026-07-08,13406.07,2
HB00008,H0170,Standard,2025-05-04,16916.26,2
HB00009,H0066,Standard,2026-07-31,14386.49,3
HB00010,H0037,Suite,2025-06-24,5404.26,4
HB00011,H0059,Deluxe,2026-04-06,21021.34,7
HB00012,H0079,Standard,2025-01-15,22557.67,2
HB00013,H0156,Suite,2026-04-27,26486.6,9
HB00014,H0176,Suite,2025-12-23,7372.7,2
HB00015,H0043,Suite,2025-12-20,17728.95,9
HB00016,H0057,Deluxe,2025-07-25,17669.15,1
HB00017,H0137,Standard,2026-04-14,11044.31,1
HB00018,H0145,Standard,2025-08-26,6214.57,4
HB00019,H0177,Suite,2026-01-05,2566.62,5
HB00020,H0058,Deluxe,2026-07-07,22038.71,6
HB00021,H0119,Deluxe,2026-05-17,12562.11,3
HB00022,H0037,Deluxe,2026-08-30,14518.69,1
HB00023,H0068,Standard,2025-10-16,21431.86,9
HB00024,H0066,Deluxe,2025-06-23,24271.39,8
HB00025,H0015,Suite,2026-04-12,1840.21,5
HB00026,H0029,Deluxe,2026-02-28,4270.47,6
HB00027,H0176,Suite,2025-08-29,2794.21,4
HB00028,H0077,Deluxe,2026-03-15,14021.73,9
HB00029,H0140,Deluxe,2026-03-02,6925.71,5
HB00030,H0025,Suite,2025-10-04,24835.98,9
HB00031,H0009,Suite,2025-10-28,14858.47,3
HB00032,H0143,Suite,2026-06-29,21284.24,5
HB00033,H0011,Standard,2025-09-03,1706.72,4
HB00034,H0035,Suite,2026-06-20,5389.98,1
HB00035,H0046,Deluxe,2026-03-23,9813.4,9
HB00036,H0169,Deluxe,2025-05-02,21533.61,7
HB00037,H0109,Standard,2026-01-14,8402.36,7
HB00038,H0059,Standard,2025-12-03,23962.98,2
HB00039,H0080,Standard,2025-03-06,15380.55,4
HB00040,H0021,Suite,2025-08-16,26672.01,8
HB00041,H0160,Standard,2025-01-17,13845.13,9
HB00042,H0135,Standard,2025-04-09,23858.21,5
HB00043,H0001,Suite,2025-05-07,29363.91,4
HB00044,H0052,Standard,2025-04-25,22397.83,8
HB00045,H0176,Suite,2026-04-08,3138.56,1
HB00046,H0095,Standard,2026-06-27,13191.95,7
HB00047,H0143,Deluxe,2025-11-09,6769.06,2
HB00048,H0132,Suite,2026-02-17,15274.8,5
HB00049,H0090,Standard,2025-09-14,14842.21,2
HB00050,H0008,Standard,2026-06-17,24115.74,3
HB00051,H0036,Suite,2025-10-01,6865.58,3
HB00052,H0047,Deluxe,2025-03-22,8498.33,3
HB00053,H0037,Deluxe,2025-01-07,5992.59,9
HB00054,H0098,Suite,2025-09-28,21206.86,1
HB00055,H0009,Deluxe,2026-05-14,23256.99,6
HB00056,H0042,Suite,2025-08-20,19331.62,1
HB00057,H0049,Suite,2025-07-10,3883.58,4
HB00058,H0045,Suite,2025-05-15,13553.91,8
HB00059,H0123,Standard,2025-06-10,6206.51,6
HB00060,H0131,Deluxe,2026-06-29,3682.11,4
HB00061,H0015,Deluxe,2025-02-21,6129.39,4
HB00062,H0153,Deluxe,2026-06-30,13167.89,6
HB00063,H0129,Suite,2026-02-21,16793.59,1
HB00064,H0004,Deluxe,2026-02-06,10744.48,1
HB00065,H0095,Standard,2025-05-22,12631.34,1
HB00066,H0162,Deluxe,2026-05-01,23833.49,3
HB00067,H0011,Deluxe,2026-02-06,25836.73,4
HB00068,H0121,Deluxe,2025-07-28,6716.1,6
HB00069,H0175,Deluxe,2025-09-19,20242.37,1
HB00070,H0082,Standard,2025-03-29,10645.55,6
HB00071,H0145,Suite,2025-05-31,4222.39,4
HB00072,H0123,Suite,2025-01-16,19976.54,6
HB00073,H0077,Suite,2025-12-08,11269.67,5
HB00074,H0022,Suite,2026-01-23,23686.14,5
HB00075,H0171,Standard,2026-08-08,26257.12,2
HB00076,H0119,Deluxe,2026-09-22,17564.38,7
HB00077,H0162,Standard,2025-07-11,2127.94,1
HB00078,H0019,Suite,2025-12-11,23058.9,8
HB00079,H0097,Standard,2026-08-05,5899.87,4
HB00080,H0075,Deluxe,2026-09-07,16037.54,3
HB00081,H0079,Suite,2025-05-22,27836.53,5
HB00082,H0083,Suite,2025-10-30,23324.48,9
HB00083,H0121,Deluxe,2026-03-06,21743.62,6
HB00084,H0099,Deluxe,2026-09-10,22719.71,3
HB00085,H0031,Deluxe,2025-04-24,10966.69,2
HB00086,H0042,Standard,2026-08-11,19844.76,1
HB00087,H0011,Suite,2026-01-02,29357.92,1
HB00088,H0063,Suite,2025-05-09,17575.92,9
HB00089,H0084,Standard,2025-07-11,12951.76,7
HB00090,H0044,Suite,2025-11-10,26776.58,7
HB00091,H0144,Deluxe,2026-03-15,24461.07,7
HB00092,H0012,Deluxe,2026-02-22,17887.21,1
HB00093,H0021,Deluxe,2025-03-23,10724.17,5
HB00094,H0049,Suite,2025-05-11,17014.99,9
HB00095,H0088,Standard,2025-11-22,22139.06,1
HB00096,H0044,Suite,2026-03-06,27802.54,4
HB00097,H0160,Suite,2025-10-30,24893.54,9
HB00098,H0107,Standard,2025-05-22,26351.02,3
HB00099,H0016,Suite,2025-03-02,6212.22,2
HB00100,H0085,Suite,2025-01-08,27844.24,8
HB00101,H0092,Suite,2025-08-13,8496.78,6
HB00102,H0059,Deluxe,2025-01-17,8043.56,9
HB00103,H0078,Deluxe,2025-09-16,12563.02,3
HB00104,H0004,Deluxe,2025-10-18,1602.38,9
HB00105,H0113,Suite,2026-09-05,3384.13,6
HB00106,H0080,Standard,2025-04-07,8058.72,4
HB00107,H0076,Deluxe,2025-01-30,27199.24,2
HB00108,H0130,Suite,2026-08-27,6537.25,8
HB00109,H0119,Deluxe,2026-05-14,29041.99,1
HB00110,H0095,Deluxe,2026-08-30,6802.74,2
HB00111,H0163,Standard,2026-02-01,7940.71,5
HB00112,H0153,Suite,2025-05-22,13607.61,2
HB00113,H0090,Deluxe,2026-07-02,19637.36,1
HB00114,H0135,Standard,2026-04-22,9676.76,7
HB00115,H0174,Suite,2025-04-10,29303.35,2
HB00116,H0149,Standard,2025-09-04,6811.03,7
HB00117,H0024,Standard,2025-04-26,19387.76,8
HB00118,H0093,Deluxe,2025-10-17,11279.47,5
HB00119,H0019,Standard,2025-08-16,24287.29,5
HB00120,H0133,Suite,2026-09-14,21777.12,8
HB00121,H0142,Deluxe,2025-12-01,5239.5,2
HB00122,H0019,Standard,2025-07-31,28074.05,3
HB00123,H0080,Suite,2026-08-05,9619.17,8
HB00124,H0040,Standard,2026-01-14,14859.28,6
HB00125,H0176,Suite,2025-04-06,3227.42,8
HB00126,H0129,Suite,2025-03-06,14857.91,4
HB00127,H0015,Standard,2025-03-28,8353.39,3
HB00128,H0067,Suite,2026-06-01,21363.31,1
HB00129,H0062,Deluxe,2026-05-16,2898.13,8
HB00130,H0118,Standard,2026-05-22,12070.51,7
HB00131,H0063,Deluxe,2026-01-17,27463.47,8
HB00132,H0057,Standard,2025-08-09,4513.29,8
HB00133,H0097,Suite,2026-09-10,4215.57,5
HB00134,H0024,Suite,2026-08-06,3208.58,6
HB00135,H0004,Deluxe,2025-01-08,11318.56,5
HB00136,H0027,Deluxe,2025-08-15,23394.74,7
HB00137,H0167,Standard,2026-08-09,12810.44,7
HB00138,H0076,Suite,2025-12-31,28142.13,4
HB00139,H0064,Deluxe,2025-08-22,20867.84,4
HB00140,H0060,Deluxe,2025-11-15,11769.16,9
HB00141,H0042,Deluxe,2025-01-01,14071.26,6
HB00142,H0064,Standard,2026-05-17,9220.9,9
HB00143,H0002,Standard,2026-05-24,9932.31,4
HB00144,H0044,Deluxe,2025-09-23,8776.52,6
HB00145,H0152,Suite,2025-10-28,13849.69,7
HB00146,H0021,Standard,2026-03-20,28090.21,7
HB00147,H0177,Standard,2026-08-29,17187.25,5
HB00148,H0036,Suite,2025-07-31,7295.07,7
HB00149,H0127,Standard,2025-11-09,21428.46,8
HB00150,H0095,Deluxe,2025-10-18,4208.99,4
HB00151,H0031,Suite,2026-07-27,5010.71,8
HB00152,H0037,Deluxe,2026-08-30,15186.38,9
HB00153,H0020,Standard,2026-02-25,17851.91,8
HB00154,H0014,Deluxe,2025-02-26,29792.43,4
HB00155,H0140,Deluxe,2025-01-07,19320.38,5
HB00156,H0053,Standard,2025-08-02,20361.18,2
HB00157,H0106,Standard,2025-11-25,2533.28,9
HB00158,H0169,Suite,2025-01-03,17766.56,6
HB00159,H0005,Suite,2026-03-29,22224.48,6
HB00160,H0059,Deluxe,2025-02-02,19937.21,2
HB00161,H0170,Deluxe,2025-11-05,10184.71,2
HB00162,H0086,Suite,2025-04-08,29766.69,4
HB00163,H0131,Standard,2025-12-13,15462.64,3
HB00164,H0160,Deluxe,2026-04-12,16016.51,3
HB00165,H0064,Standard,2026-06-07,16658.55,3
HB00166,H0029,Suite,2025-06-06,23706.43,6
HB00167,H0116,Suite,2025-09-21,15891.03,4
HB00168,H0001,Deluxe,2026-01-10,15164.28,1
HB00169,H0019,Deluxe,2026-05-19,12043.1,2
HB00170,H0141,Deluxe,2025-02-05,15579.53,2
HB00171,H0179,Standard,2025-08-05,1954.93,1
HB00172,H0151,Suite,2026-07-25,19601.91,5
HB00173,H0002,Suite,2026-06-01,27955.23,7
HB00174,H0058,Suite,2025-03-25,11298.13,4
HB00175,H0125,Deluxe,2025-04-17,16815.98,7
HB00176,H0104,Suite,2025-08-16,21414.28,1
HB00177,H0001,Standard,2026-07-06,8617.17,5
HB00178,H0085,Deluxe,2025-08-17,17916.06,8
HB00179,H0158,Standard,2026-05-29,11862.27,7
HB00180,H0164,Suite,2025-12-22,10611.79,8
HB00181,H0149,Suite,2025-05-09,28915.18,2
HB00182,H0099,Suite,2026-01-12,6412.66,9
HB00183,H0145,Standard,2025-04-29,19280.25,7
HB00184,H0117,Suite,2026-07-04,17445.19,5
HB00185,H0031,Standard,2025-03-18,12245.6,8
HB00186,H0050,Standard,2025-05-13,26253.0,6
HB00187,H0078,Deluxe,2025-01-25,2902.03,2
HB00188,H0082,Suite,2025-07-12,18020.48,7
HB00189,H0042,Deluxe,2026-02-19,17630.36,8
HB00190,H0114,Suite,2026-01-24,6757.72,1
HB00191,H0127,Suite,2026-05-24,14732.35,5
HB00192,H0121,Standard,2026-01-23,21398.02,8
HB00193,H0008,Deluxe,2025-02-09,13307.81,3
HB00194,H0071,Deluxe,2026-08-16,18520.97,5
HB00195,H0048,Standard,2025-03-16,7574.5,6
HB00196,H0123,Standard,2025-09-20,22256.1,5
HB00197,H0066,Deluxe,2025-10-02,5688.99,7
HB00198,H0082,Standard,2025-01-17,24220.5,7
HB00199,H0051,Standard,2025-11-18,11576.98,5
HB00200,H0171,Suite,2025-02-10,15331.79,5
HB00201,H0002,Deluxe,2026-01-03,24202.28,6
HB00202,H0154,Deluxe,2025-07-22,16304.79,7
HB00203,H0107,Standard,2026-01-24,10931.3,4
HB00204,H0088,Suite,2026-04-29,27685.44,6
HB00205,H0175,Suite,2025-09-05,19827.79,2
HB00206,H0062,Suite,2025-01-07,14291.81,6
HB00207,H0163,Standard,2025-05-14,9949.68,4
HB00208,H0141,Suite,2026-03-14,7262.11,6
HB00209,H0017,Suite,2026-07-28,13156.03,4
HB00210,H0084,Standard,2025-08-05,2936.4,5
HB00211,H0151,Standard,2025-08-17,23320.52,9
HB00212,H0164,Suite,2026-08-28,26824.6,9
HB00213,H0009,Suite,2026-01-22,21497.8,5
HB00214,H0177,Standard,2025-02-10,29929.24,4
HB00215,H0109,Suite,2025-11-04,28682.79,6
HB00216,H0132,Suite,2025-06-17,7178.39,8
HB00217,H0142,Standard,2025-06-10,12644.95,1
HB00218,H0077,Deluxe,2025-01-10,8072.88,2
HB00219,H0047,Deluxe,2025-01-18,22498.72,7
HB00220,H0132,Suite,2025-01-08,5267.45,7
HB00221,H0130,Suite,2026-07-30,6972.5,2
HB00222,H0028,Suite,2026-04-02,10127.01,2
HB00223,H0154,Deluxe,2025-06-16,10790.71,3
HB00224,H0058,Deluxe,2025-01-04,8709.56,5
HB00225,H0171,Standard,2025-12-21,8851.05,8
HB00226,H0136,Suite,2026-02-12,14982.96,9
HB00227,H0128,Standard,2026-05-07,23525.93,6
HB00228,H0103,Standard,2025-05-22,13616.54,6
HB00229,H0083,Suite,2025-08-02,21653.17,2
HB00230,H0154,Deluxe,2025-09-24,23780.99,3
HB00231,H0100,Standard,2026-09-12,4618.07,9
HB00232,H0144,Deluxe,2025-10-18,7336.42,5
HB00233,H0100,Standard,2025-02-12,20732.26,1
HB00234,H0139,Standard,2026-08-08,12731.72,1
HB00235,H0169,Standard,2025-10-12,21298.95,9
HB00236,H0177,Suite,2025-01-08,6099.16,3
HB00237,H0171,Suite,2026-02-20,10311.8,3
HB00238,H0121,Standard,2026-04-19,29706.59,9
HB00239,H0107,Suite,2026-06-11,11315.34,8
HB00240,H0011,Suite,2025-05-28,20952.66,9
HB00241,H0016,Deluxe,2025-03-17,13251.11,9
HB00242,H0163,Suite,2026-05-20,23269.6,2
HB00243,H0041,Deluxe,2025-08-10,7803.46,9
HB00244,H0113,Standard,2025-07-26,29534.28,7
HB00245,H0003,Deluxe,2025-03-01,5372.3,7
HB00246,H0127,Standard,2025-10-10,3068.77,3
HB00247,H0096,Standard,2025-08-16,28786.1,7
HB00248,H0106,Standard,2026-06-01,11531.4,7
HB00249,H0104,Deluxe,2026-08-09,19748.02,2
HB00250,H0147,Deluxe,2025-01-31,29958.99,6
HB00251,H0118,Deluxe,2026-04-08,4810.64,1
HB00252,H0124,Suite,2026-06-29,28519.21,1
HB00253,H0043,Deluxe,2025-11-11,26845.41,3
HB00254,H0039,Suite,2025-05-10,6894.15,5
HB00255,H0077,Deluxe,2025-02-27,26114.87,6
HB00256,H0170,Deluxe,2025-11-02,10410.13,1
HB00257,H0110,Standard,2025-07-05,7752.21,7
HB00258,H0102,Suite,2025-05-29,25062.01,8
HB00259,H0045,Standard,2025-10-10,5752.64,8
HB00260,H0109,Suite,2025-11-14,26939.14,8
HB00261,H0131,Deluxe,2026-01-07,13946.41,8
HB00262,H0034,Deluxe,2026-04-20,22134.38,7
HB00263,H0048,Deluxe,2025-06-09,10740.19,8
HB00264,H0055,Deluxe,2025-02-01,21542.04,5
HB00265,H0171,Standard,2025-05-12,2125.51,3
HB00266,H0070,Deluxe,2025-03-26,29494.01,3
HB00267,H0026,Standard,2025-10-08,14353.72,5
HB00268,H0081,Suite,2025-03-19,12196.76,8
HB00269,H0112,Standard,2026-01-24,1520.78,3
HB00270,H0036,Suite,2025-10-31,19150.87,5
HB00271,H0129,Standard,2025-08-23,23028.47,1
HB00272,H0104,Suite,2026-06-25,14496.66,3
HB00273,H0059,Suite,2026-01-21,5875.07,6
HB00274,H0067,Deluxe,2026-06-22,2380.58,1
HB00275,H0102,Deluxe,2026-01-02,22520.1,9
HB00276,H0035,Suite,2025-02-02,14322.45,7
HB00277,H0091,Deluxe,2026-04-21,13923.75,3
HB00278,H0064,Suite,2025-08-28,27628.4,4
HB00279,H0026,Deluxe,2026-02-27,15353.69,8
HB00280,H0028,Suite,2025-10-12,2738.91,7
HB00281,H0049,Suite,2026-01-23,8262.67,9
HB00282,H0070,Suite,2026-05-27,16256.12,2
HB00283,H0042,Standard,2025-10-31,28381.03,6
HB00284,H0016,Deluxe,2026-02-10,7558.53,5
HB00285,H0089,Standard,2025-07-01,13085.71,8
HB00286,H0158,Deluxe,2025-06-05,2103.19,3
HB00287,H0028,Suite,2026-09-16,25011.39,4
HB00288,H0151,Suite,2025-10-17,9932.15,1
HB00289,H0047,Deluxe,2026-03-11,4713.19,8
HB00290,H0014,Suite,2025-12-09,9195.01,2
HB00291,H0025,Standard,2025-03-10,15855.01,6
HB00292,H0036,Standard,2026-02-08,26368.58,3
HB00293,H0108,Suite,2026-04-25,5150.71,4
HB00294,H0020,Standard,2025-10-29,21175.24,1
HB00295,H0141,Deluxe,2025-12-10,8612.96,9
HB00296,H0105,Suite,2025-08-13,21370.31,7
HB00297,H0158,Suite,2025-01-18,29783.91,8
HB00298,H0109,Standard,2025-01-18,29593.86,5
HB00299,H0052,Suite,2025-01-11,27534.84,4
HB00300,H0133,Standard,2026-08-31,12617.65,6
HB00301,H0022,Deluxe,2025-08-31,27898.03,4
HB00302,H0143,Suite,2025-01-30,3739.47,7
HB00303,H0023,Deluxe,2025-05-17,15156.52,2
HB00304,H0133,Deluxe,2026-06-17,19269.41,1
HB00305,H0057,Standard,2026-01-28,24338.73,7
HB00306,H0111,Standard,2025-03-02,21145.15,2
HB00307,H0137,Suite,2025-06-28,25170.4,9
HB00308,H0105,Standard,2025-09-05,17132.43,4
HB00309,H0114,Suite,2026-05-20,18375.87,8
HB00310,H0024,Standard,2026-09-12,17290.26,1
HB00311,H0170,Suite,2025-02-09,19105.5,5
HB00312,H0001,Suite,2026-01-15,11906.81,5
HB00313,H0057,Deluxe,2025-12-15,24216.32,8
HB00314,H0049,Suite,2026-08-22,5381.14,8
HB00315,H0140,Suite,2025-06-22,4829.34,5
HB00316,H0123,Deluxe,2025-05-15,19274.48,6
HB00317,H0093,Suite,2025-04-19,15743.37,4
HB00318,H0071,Deluxe,2026-05-09,7587.6,1
HB00319,H0048,Deluxe,2025-10-30,8201.85,9
HB00320,H0101,Suite,2025-04-26,6784.88,4
HB00321,H0049,Suite,2025-10-22,4890.9,3
HB00322,H0159,Suite,2025-01-27,13327.94,3
HB00323,H0129,Deluxe,2025-05-06,13939.39,5
HB00324,H0093,Suite,2026-06-12,12382.78,4
HB00325,H0153,Suite,2025-07-20,6604.41,9
HB00326,H0140,Suite,2025-01-25,26990.19,7
HB00327,H0012,Suite,2025-01-05,11872.71,8
HB00328,H0170,Deluxe,2026-02-10,17161.99,6
HB00329,H0054,Deluxe,2026-08-04,10396.34,3
HB00330,H0002,Suite,2026-03-01,3108.63,3
HB00331,H0145,Deluxe,2025-03-17,26766.44,1
HB00332,H0015,Deluxe,2025-10-31,10791.99,2
HB00333,H0071,Deluxe,2026-02-23,12235.65,2
HB00334,H0137,Deluxe,2026-03-28,12484.75,1
HB00335,H0160,Deluxe,2026-06-08,28178.95,5
HB00336,H0046,Standard,2026-08-02,13276.76,7
HB00337,H0155,Suite,2026-02-20,19817.65,5
HB00338,H0089,Standard,2026-06-07,3525.78,5
HB00339,H0133,Standard,2026-09-15,2086.32,9
HB00340,H0048,Standard,2026-07-28,14085.19,7
HB00341,H0035,Deluxe,2025-05-01,2232.37,6
HB00342,H0038,Standard,2025-03-09,25186.3,4
HB00343,H0090,Deluxe,2026-09-22,14078.11,8
HB00344,H0063,Deluxe,2026-06-29,26777.59,9
HB00345,H0053,Deluxe,2026-08-21,16766.21,9
HB00346,H0008,Suite,2025-08-10,24917.32,6
HB00347,H0005,Deluxe,2026-04-11,4537.12,8
HB00348,H0077,Suite,2025-01-03,13062.29,2
HB00349,H0044,Deluxe,2025-11-25,7928.36,6
HB00350,H0084,Suite,2026-03-25,12043.75,8
HB00351,H0028,Deluxe,2026-03-04,29698.8,4
HB00352,H0139,Standard,2025-08-23,19799.8,6
HB00353,H0032,Suite,2025-08-18,10610.37,4
HB00354,H0043,Suite,2025-11-20,6957.11,9
HB00355,H0053,Standard,2026-03-24,16802.54,9
HB00356,H0075,Standard,2025-12-09,14509.02,9
HB00357,H0090,Deluxe,2025-10-04,7702.02,9
HB00358,H0117,Deluxe,2025-09-09,28875.98,2
HB00359,H0071,Deluxe,2026-08-15,14368.99,7
HB00360,H0029,Suite,2025-08-14,3093.13,2
HB00361,H0020,Deluxe,2025-04-16,25677.67,4
HB00362,H0040,Standard,2025-05-23,25210.35,5
HB00363,H0023,Deluxe,2025-07-28,8411.2,2
HB00364,H0144,Suite,2026-02-17,19830.88,7
HB00365,H0080,Deluxe,2026-05-21,6332.86,5
HB00366,H0039,Suite,2026-04-05,5352.63,9
HB00367,H0018,Deluxe,2025-07-12,26282.16,5
HB00368,H0102,Standard,2025-05-24,24046.52,3
HB00369,H0138,Suite,2025-08-04,2446.22,2
HB00370,H0170,Standard,2025-09-15,5673.67,1
HB00371,H0128,Standard,2026-07-19,18319.71,2
HB00372,H0171,Deluxe,2026-01-19,12462.32,3
HB00373,H0102,Suite,2026-02-22,20288.76,6
HB00374,H0066,Deluxe,2026-02-04,9307.24,1
HB00375,H0130,Suite,2026-04-16,8904.59,9
HB00376,H0126,Deluxe,2025-05-23,2280.41,8
HB00377,H0079,Suite,2026-01-16,28831.35,4
HB00378,H0127,Standard,2026-04-10,25845.58,3
HB00379,H0106,Suite,2026-07-19,21744.16,1
HB00380,H0145,Standard,2025-07-02,17307.86,7
HB00381,H0051,Suite,2025-06-08,23250.9,6
HB00382,H0012,Deluxe,2026-02-28,27370.33,7
HB00383,H0096,Deluxe,2026-07-26,16148.49,3
HB00384,H0131,Suite,2026-03-01,2978.78,7
HB00385,H0178,Standard,2025-10-04,8853.58,3
HB00386,H0137,Standard,2025-03-20,9053.5,8
HB00387,H0099,Standard,2025-10-12,16820.58,5
HB00388,H0003,Standard,2026-01-21,27731.34,1
HB00389,H0163,Standard,2025-03-19,24942.95,2
HB00390,H0063,Deluxe,2025-07-25,2847.89,4
HB00391,H0157,Deluxe,2026-05-28,10240.86,1
HB00392,H0164,Standard,2026-02-26,9793.16,1
HB00393,H0085,Standard,2026-06-13,9990.01,4
HB00394,H0031,Suite,2026-07-25,14527.0,3
HB00395,H0130,Suite,2025-03-19,9755.82,6
HB00396,H0037,Deluxe,2025-02-16,29694.4,1
HB00397,H0082,Suite,2026-02-17,13916.24,9
HB00398,H0170,Suite,2025-11-29,17902.27,3
HB00399,H0006,Suite,2025-02-17,26165.45,4
HB00400,H0085,Standard,2026-04-03,19396.88,3
HB00401,H0165,Suite,2025-10-26,16881.5,8
HB00402,H0061,Standard,2026-09-05,12751.72,3
HB00403,H0097,Standard,2026-04-24,13051.38,6
HB00404,H0093,Standard,2025-08-20,27083.84,8
HB00405,H0172,Deluxe,2026-09-06,5068.07,7
HB00406,H0016,Suite,2025-11-09,3809.85,5
HB00407,H0110,Deluxe,2026-04-20,18684.09,2
HB00408,H0056,Standard,2025-10-14,22521.3,4
HB00409,H0076,Standard,2025-09-05,19689.1,6
HB00410,H0046,Suite,2026-04-21,18839.79,9
HB00411,H0070,Suite,2025-05-05,11724.0,4
HB00412,H0115,Suite,2025-05-12,6052.1,8
HB00413,H0142,Suite,2025-11-06,26370.88,4
HB00414,H0061,Standard,2026-05-26,2006.1,3
HB00415,H0154,Deluxe,2025-02-15,26842.75,4
HB00416,H0005,Standard,2025-12-15,12095.28,9
HB00417,H0010,Suite,2025-01-22,17503.21,2
HB00418,H0082,Standard,2026-02-15,19842.92,5
HB00419,H0168,Suite,2025-10-16,17915.6,7
