hotel_id,hotel_name,city,star_rating,hotel_type
H0001,Royal Stay,Delhi,5,Resort
H0002,Lake View,Jaipur,3,Resort
H0003,City Inn,Mumbai,4,Luxury
H0004,Lake View,Delhi,3,Luxury
H0005,Comfort Hub,Mumbai,5,Business
H0006,Royal Stay,Jaipur,4,Budget
H0007,Royal Stay,Delhi,3,Business
H0008,Royal Stay,Delhi,4,Luxury
H0009,City Inn,Jaipur,5,Business
H0010,Comfort Hub,Goa,3,Budget
H0011,Comfort Hub,Mumbai,4,Budget
H0012,City Inn,Patna,4,Luxury
H0013,Comfort Hub,Goa,5,Resort
H0014,City Inn,Patna,4,Budget
H0015,Comfort Hub,Goa,3,Business
H0016,Lake View,Patna,5,Budget
H0017,Comfort Hub,Delhi,3,Resort
H0018,City Inn,Patna,3,Resort
H0019,Lake View,Delhi,5,Luxury
H0020,City Inn,Delhi,4,Luxury
H0021,Grand Palace,Jaipur,3,Budget
H0022,Royal Stay,Jaipur,3,Budget
H0023,Comfort Hub,Patna,4,Resort
H0024,City Inn,Delhi,5,Resort
H0025,Royal Stay,Patna,5,Business
H0026,Comfort Hub,Delhi,4,Budget
H0027,City Inn,Goa,5,Business
H0028,City Inn,Mumbai,3,Business
H0029,City Inn,Delhi,5,Resort
H0030,Comfort Hub,Jaipur,3,Resort
H0031,Lake View,Goa,5,Resort
H0032,City Inn,Mumbai,4,Business
H0033,Royal Stay,Goa,4,Luxury
H0034,Royal Stay,Jaipur,5,Resort
H0035,Grand Palace,Delhi,4,Resort
H0036,Royal Stay,Delhi,4,Luxury
H0037,Comfort Hub,Mumbai,3,Resort
H0038,City Inn,Jaipur,4,Resort
H0039,Grand Palace,Mumbai,3,Resort
H0040,Comfort Hub,Patna,5,Business
H0041,Comfort Hub,Mumbai,5,Luxury
H0042,City Inn,Goa,4,Business
H0043,Lake View,Goa,5,Budget
H0044,City Inn,Mumbai,5,Business
H0045,Lake View,Jaipur,4,Business
H0046,Lake View,Mumbai,5,Budget
H0047,Grand Palace,Delhi,3,Business
H0048,Royal Stay,Mumbai,5,Budget
H0049,Comfort Hub,Patna,5,Luxury
H0050,Lake View,Goa,4,Luxury
H0051,Comfort Hub,Mumbai,3,Luxury
H0052,City Inn,Goa,5,Business
H0053,Lake View,Mumbai,5,Budget
H0054,Grand Palace,Mumbai,3,Budget
H0055,Grand Palace,Jaipur,5,Resort
H0056,Royal Stay,Delhi,5,Business
H0057,Grand Palace,Goa,3,Business
H0058,Comfort Hub,Delhi,4,Business
H0059,Royal Stay,Mumbai,4,Business
H0060,Lake View,Mumbai,3,Budget
H0061,Lake View,Jaipur,3,Business
H0062,Royal Stay,Mumbai,4,Budget
H0063,Grand Palace,Jaipur,4,Resort
H0064,Royal Stay,Jaipur,5,Budget
H0065,Comfort Hub,Patna,3,Luxury
H0066,Royal Stay,Delhi,4,Luxury
H0067,City Inn,Mumbai,4,Business
H0068,Royal Stay,Jaipur,5,Budget
H0069,City Inn,Delhi,4,Budget
H0070,Royal Stay,Jaipur,3,Budget
H0071,City Inn,Delhi,5,Luxury
H0072,Lake View,Mumbai,3,Luxury
H0073,Grand Palace,Mumbai,3,Budget
H0074,Grand Palace,Mumbai,3,Resort
H0075,Grand Palace,Goa,3,Business
H0076,Lake View,Mumbai,3,Luxury
H0077,Lake View,Goa,5,Resort
H0078,Comfort Hub,Patna,4,Resort
H0079,Comfort Hub,Goa,4,Luxury
H0080,Lake View,Delhi,3,Luxury
H0081,Comfort Hub,Jaipur,3,Business
H0082,Royal Stay,Jaipur,4,Resort
H0083,Grand Palace,Goa,4,Luxury
H0084,Comfort Hub,Mumbai,5,Resort
H0085,Grand Palace,Delhi,5,Budget
H0086,Lake View,Delhi,4,Resort
H0087,Lake View,Patna,5,Budget
H0088,City Inn,Patna,3,Business
H0089,Comfort Hub,Mumbai,5,Business
H0090,Comfort Hub,Delhi,4,Luxury
H0091,Comfort Hub,Delhi,4,Budget
H0092,Grand Palace,Mumbai,5,Business
H0093,Grand Palace,Patna,4,Resort
H0094,City Inn,Goa,3,Luxury
H0095,Royal Stay,Delhi,5,Business
H0096,Comfort Hub,Jaipur,5,Resort
H0097,Grand Palace,Patna,5,Resort
H0098,Royal Stay,Goa,3,Resort
H0099,Grand Palace,Mumbai,3,Budget
H0100,City Inn,Jaipur,5,Budget
H0101,Royal Stay,Jaipur,3,Business
H0102,Royal Stay,Mumbai,5,Resort
H0103,Royal Stay,Patna,5,Budget
H0104,City Inn,Patna,4,Resort
H0105,Grand Palace,Jaipur,4,Business
H0106,Lake View,Jaipur,4,Luxury
H0107,City Inn,Goa,3,Business
H0108,Lake View,Delhi,4,Luxury
H0109,Grand Palace,Mumbai,3,Business
H0110,Lake View,Patna,3,Resort
H0111,Royal Stay,Goa,4,Budget
H0112,Lake View,Goa,3,Resort
H0113,Lake View,Delhi,3,Business
H0114,Comfort Hub,Mumbai,5,Resort
H0115,Grand Palace,Delhi,5,Budget
H0116,Lake View,Delhi,3,Budget
H0117,Comfort Hub,Mumbai,5,Luxury
H0118,Royal Stay,Jaipur,4,Resort
H0119,Grand Palace,Patna,4,Budget
H0120,City Inn,Goa,4,Business
H0121,Grand Palace,Mumbai,4,Resort
H0122,City Inn,Goa,4,Luxury
H0123,Grand Palace,Mumbai,3,Budget
H0124,City Inn,Patna,3,Luxury
H0125,Royal Stay,Goa,3,Resort
H0126,Comfort Hub,Delhi,5,Budget
H0127,City Inn,Delhi,4,Budget
H0128,Lake View,Goa,5,Business
H0129,Grand Palace,Patna,4,Budget
H0130,City Inn,Jaipur,3,Resort
H0131,Lake View,Goa,3,Budget
H0132,Lake View,Jaipur,4,Business
H0133,Lake View,Mumbai,3,Resort
H0134,Grand Palace,Delhi,3,Business
H0135,Lake View,Goa,3,Luxury
H0136,Grand Palace,Patna,3,Budget
H0137,Grand Palace,Patna,4,Luxury
H0138,Royal Stay,Mumbai,5,Budget
H0139,Lake View,Patna,3,Business
H0140,Royal Stay,Goa,5,Business
H0141,Royal Stay,Delhi,4,Business
H0142,Lake View,Delhi,5,Resort
H0143,City Inn,Mumbai,4,Budget
H0144,Grand Palace,Mumbai,3,Budget
H0145,Royal Stay,Jaipur,4,Business
H0146,Lake View,Mumbai,3,Luxury
H0147,Grand Palace,Goa,4,Business
H0148,Comfort Hub,Goa,5,Luxury
H0149,Lake View,Delhi,5,Business
H0150,Comfort Hub,Patna,3,Luxury
H0151,Royal Stay,Mumbai,3,Luxury
H0152,Comfort Hub,Jaipur,4,Luxury
H0153,Royal Stay,Goa,3,Resort
H0154,Comfort Hub,Delhi,5,Resort
H0155,City Inn,Goa,5,Luxury
H0156,Royal Stay,Delhi,3,Resort
H0157,Royal Stay,Goa,3,Business
H0158,Royal Stay,Delhi,3,Budget
H0159,Grand Palace,Mumbai,3,Business
H0160,Grand Palace,Patna,4,Resort
H0161,Comfort Hub,Goa,3,Business
H0162,Royal Stay,Jaipur,3,Resort
H0163,Grand Palace,Mumbai,5,Luxury
H0164,Grand Palace,Goa,3,Business
H0165,Lake View,Delhi,3,Business
H0166,City Inn,Delhi,4,Resort
H0167,City Inn,Goa,5,Business
H0168,City Inn,Mumbai,3,Resort
H0169,City Inn,Jaipur,5,Budget
H0170,Royal Stay,Mumbai,4,Budget
H0171,Royal Stay,Patna,3,Resort
H0172,Comfort Hub,Jaipur,3,Budget
H0173,City Inn,Mumbai,3,Budget
H0174,Royal Stay,Patna,5,Resort
H0175,Royal Stay,Jaipur,3,Resort
H0176,Grand Palace,Goa,3,Business
H0177,Comfort Hub,Mumbai,4,Resort
H0178,Comfort Hub,Mumbai,3,Luxury
H0179,Grand Palace,Jaipur,5,Business
